Date,Close
1995/1/3,9.325
1995/1/4,9.525
1995/1/5,9.525
1995/1/6,9.45
1995/1/9,9.525
1995/1/10,9.525
1995/1/11,9.4
1995/1/12,9.4
1995/1/13,9.4
1995/1/16,9.4
1995/1/17,9.4
1995/1/18,9.4
1995/1/19,9.4
1995/1/20,9.4
1995/1/23,9.4
1995/1/24,9.3
1995/1/25,9.3
1995/1/26,9.325
1995/1/27,9.375
1995/1/30,9.375
1995/1/31,9.375
1995/2/1,9.5
1995/2/2,9.4
1995/2/3,9.4
1995/2/6,9.4
1995/2/7,9.4
1995/2/8,9.4
1995/2/9,9.4
1995/2/10,9.475
1995/2/13,9.475
1995/2/14,9.475
1995/2/15,9.65
1995/2/16,9.65
1995/2/17,9.65
1995/2/21,9.8
1995/2/22,9.775
1995/2/23,9.875
1995/2/24,9.85
1995/2/27,9.925
1995/2/28,9.8
1995/3/1,9.85
1995/3/2,9.875
1995/3/3,9.825
1995/3/6,9.95
1995/3/7,10.1
1995/3/8,9.95
1995/3/9,9.95
1995/3/10,9.775
1995/3/13,9.75
1995/3/14,9.675
1995/3/15,9.675
1995/3/16,9.725
1995/3/17,9.825
1995/3/20,9.825
1995/3/21,9.675
1995/3/22,9.7
1995/3/23,9.7
1995/3/24,9.6
1995/3/27,9.6
1995/3/28,9.725
1995/3/29,9.775
1995/3/30,9.775
1995/3/31,9.925
1995/4/3,10
1995/4/4,9.95
1995/4/5,10.025
1995/4/6,10.15
1995/4/7,11.525
1995/4/10,10.225
1995/4/11,10.075
1995/4/12,10.175
1995/4/13,10.175
1995/4/17,10.275
1995/4/18,10.275
1995/4/19,10.425
1995/4/20,10.425
1995/4/21,10.4
1995/4/24,10.3
1995/4/25,10.5
1995/4/26,10.55
1995/4/27,10.575
1995/4/28,10.6
1995/5/1,10.675
1995/5/2,10.825
1995/5/3,11.05
1995/5/4,10.85
1995/5/5,10.85
1995/5/8,10.8
1995/5/9,10.775
1995/5/10,10.95
1995/5/11,10.8
1995/5/12,10.7
1995/5/15,10.6
1995/5/16,10.475
1995/5/17,10.675
1995/5/18,10.55
1995/5/19,10.5
1995/5/22,10.575
1995/5/23,10.525
1995/5/24,10.675
1995/5/25,10.825
1995/5/26,11.125
1995/5/30,11.025
1995/5/31,10.9
1995/6/1,11.05
1995/6/2,10.85
1995/6/5,11
1995/6/6,11.025
1995/6/7,11.025
1995/6/8,10.925
1995/6/9,10.925
1995/6/12,10.8375
1995/6/13,10.9
1995/6/14,10.75
1995/6/15,10.9
1995/6/16,10.9
1995/6/19,10.975
1995/6/20,11.025
1995/6/21,11.025
1995/6/22,11.025
1995/6/23,11.275
1995/6/26,11.3
1995/6/27,11.275
1995/6/28,11.1
1995/6/29,11.15
1995/6/30,11.1
1995/7/3,11.1
1995/7/5,11.25
1995/7/6,11.15
1995/7/7,11.325
1995/7/10,11.275
1995/7/11,11.25
1995/7/12,11.3
1995/7/13,11.6
1995/7/14,11.475
1995/7/17,11.5
1995/7/18,11.5
1995/7/19,11.45
1995/7/20,11.45
1995/7/21,11.35
1995/7/24,11.45
1995/7/25,11.425
1995/7/26,11.525
1995/7/27,11.55
1995/7/28,11.625
1995/7/31,11.625
1995/8/1,11.55
1995/8/2,11.575
1995/8/3,11.6
1995/8/4,11.675
1995/8/7,11.6
1995/8/8,11.525
1995/8/9,11.525
1995/8/10,11.475
1995/8/11,11.3
1995/8/14,11.25
1995/8/15,10.95
1995/8/16,10.9
1995/8/17,10.8
1995/8/18,10.95
1995/8/21,11.05
1995/8/22,11.025
1995/8/23,11.125
1995/8/24,11.175
1995/8/25,11.325
1995/8/28,11.325
1995/8/29,11.1
1995/8/30,11.1
1995/8/31,11.15
1995/9/1,11.225
1995/9/5,11.3
1995/9/6,11.275
1995/9/7,11.275
1995/9/8,11.2
1995/9/11,11.375
1995/9/12,11.325
1995/9/13,11.175
1995/9/14,11.275
1995/9/15,11.175
1995/9/18,11.325
1995/9/19,11.25
1995/9/20,11.5
1995/9/21,11.9
1995/9/22,11.825
1995/9/25,11.7
1995/9/26,11.675
1995/9/27,22.799999
1995/9/28,11.675
1995/9/29,11.675
1995/10/2,11.6
1995/10/3,11.55
1995/10/4,11.5
1995/10/5,11.65
1995/10/6,11.55
1995/10/9,11.6
1995/10/10,11.525
1995/10/11,11.55
1995/10/12,11.7
1995/10/13,11.65
1995/10/16,11.7
1995/10/17,11.7
1995/10/18,11.6
1995/10/19,11.6
1995/10/20,11.775
1995/10/23,11.725
1995/10/24,11.875
1995/10/25,11.85
1995/10/26,11.9
1995/10/27,11.6
1995/10/30,11.75
1995/10/31,11.8
1995/11/1,11.95
1995/11/2,11.95
1995/11/3,12.125
1995/11/6,12.2
1995/11/7,12.225
1995/11/8,12.25
1995/11/9,12.25
1995/11/10,12.35
1995/11/13,12.3
1995/11/14,12.475
1995/11/15,12.775
1995/11/16,12.85
1995/11/17,12.9
1995/11/20,12.85
1995/11/21,12.75
1995/11/22,12.6
1995/11/24,13.025
1995/11/27,12.975
1995/11/28,13.1
1995/11/29,13.25
1995/11/30,13.25
1995/12/1,12.85
1995/12/4,13.25
1995/12/5,13.25
1995/12/6,12.95
1995/12/7,12.85
1995/12/8,13
1995/12/11,13
1995/12/12,13.075
1995/12/13,12.95
1995/12/14,13.075
1995/12/15,13.225
1995/12/18,13.15
1995/12/19,13.125
1995/12/20,13.35
1995/12/21,13.2
1995/12/22,13.3
1995/12/26,13.35
1995/12/27,13.325
1995/12/28,13.25
1995/12/29,13.4
1996/1/2,13.725
1996/1/3,13.65
1996/1/4,13.6
1996/1/5,13.5
1996/1/8,13.5
1996/1/9,13.7
1996/1/10,13.75
1996/1/11,13.65
1996/1/12,13.8
1996/1/15,13.8
1996/1/16,13.75
1996/1/17,13.65
1996/1/18,13.625
1996/1/19,13.5
1996/1/22,13.6
1996/1/23,13.5
1996/1/24,13.55
1996/1/25,13.55
1996/1/26,13.45
1996/1/29,13.3
1996/1/30,13.2
1996/1/31,13.2
1996/2/1,13.05
1996/2/2,13.1
1996/2/5,12.95
1996/2/6,13.1
1996/2/7,12.85
1996/2/8,12.7
1996/2/9,12.8
1996/2/12,12.9
1996/2/13,13.2
1996/2/14,13.175
1996/2/15,13.325
1996/2/16,13.275
1996/2/20,13.2
1996/2/21,13.05
1996/2/22,13.3
1996/2/23,13.3
1996/2/26,13.4
1996/2/27,13.2
1996/2/28,13.325
1996/2/29,13.325
1996/3/1,13.4
1996/3/4,13.69062
1996/3/5,13.55
1996/3/6,13.6
1996/3/7,13.56874
1996/3/8,13.45
1996/3/11,13.125
1996/3/12,13.325
1996/3/13,13.65
1996/3/14,13.85
1996/3/15,13.8
1996/3/18,13.95
1996/3/19,13.975
1996/3/20,14.025
1996/3/21,14.1
1996/3/22,14.1
1996/3/25,14.25
1996/3/26,14.25
1996/3/27,14.25
1996/3/28,14.35
1996/3/29,14.6
1996/4/1,14.6
1996/4/2,14.65
1996/4/3,14.35
1996/4/4,14.55
1996/4/8,14.3
1996/4/9,14.3
1996/4/10,14.45
1996/4/11,14.35
1996/4/12,14.225
1996/4/15,14.475
1996/4/16,14.6
1996/4/17,14.475
1996/4/18,14.65
1996/4/19,14.575
1996/4/22,14.85
1996/4/23,15
1996/4/24,15.5
1996/4/25,15.35
1996/4/26,15.35
1996/4/29,15.6
1996/4/30,15.325
1996/5/1,15.35
1996/5/2,15.6
1996/5/3,15.4
1996/5/6,15.95
1996/5/7,15.85
1996/5/8,15.55
1996/5/9,15.5
1996/5/10,15.4
1996/5/13,15.25
1996/5/14,15.15
1996/5/15,15.1
1996/5/16,15.05
1996/5/17,15.25
1996/5/20,15.125
1996/5/21,15.15
1996/5/22,15.25
1996/5/23,15.15
1996/5/24,15.3
1996/5/28,15.55
1996/5/29,15.95
1996/5/30,16.4
1996/5/31,16.549999
1996/6/3,16.5
1996/6/4,16.1875
1996/6/5,16.125
1996/6/6,16.25
1996/6/7,15.6875
1996/6/10,15.5
1996/6/11,15.5625
1996/6/12,15.6875
1996/6/13,15.25
1996/6/14,14.875
1996/6/17,14.875
1996/6/18,15.375
1996/6/19,14.875
1996/6/20,14.75
1996/6/21,14.75
1996/6/24,14.6875
1996/6/25,14.25
1996/6/26,15.125
1996/6/27,15.125
1996/6/28,14.9375
1996/7/1,15
1996/7/2,14.75
1996/7/3,14.9375
1996/7/5,14.625
1996/7/8,14.375
1996/7/9,14.6875
1996/7/10,14.75
1996/7/11,14.5
1996/7/12,14.25
1996/7/15,13.6875
1996/7/16,14.3125
1996/7/17,14.3125
1996/7/18,15
1996/7/19,14.8125
1996/7/22,14.5
1996/7/23,14.375
1996/7/24,13.8125
1996/7/25,14.1875
1996/7/26,14.5625
1996/7/29,14.875
1996/7/30,14.875
1996/7/31,15.1875
1996/8/1,15.375
1996/8/2,15.75
1996/8/5,15.8125
1996/8/6,15.625
1996/8/7,15.75
1996/8/8,15.75
1996/8/9,15.8125
1996/8/12,15.75
1996/8/13,16
1996/8/14,15.5
1996/8/15,16.25
1996/8/16,16.375
1996/8/19,16.375
1996/8/20,16.125
1996/8/21,16.375
1996/8/22,16.25
1996/8/23,16
1996/8/26,16.125
1996/8/27,16.125
1996/8/28,16.1875
1996/8/29,15.875
1996/8/30,15.625
1996/9/3,15.625
1996/9/4,15.625
1996/9/5,15.5625
1996/9/6,15.5
1996/9/9,15.875
1996/9/10,15.875
1996/9/11,15.375
1996/9/12,15.125
1996/9/13,15.75
1996/9/16,15.625
1996/9/17,15.4375
1996/9/18,15.75
1996/9/19,15.8125
1996/9/20,15.5625
1996/9/23,15.5
1996/9/24,15.4375
1996/9/25,15.8125
1996/9/26,15.625
1996/9/27,15.875
1996/9/30,15.8125
1996/10/1,15.625
1996/10/2,15.875
1996/10/3,15.9375
1996/10/4,16.125
1996/10/7,16.125
1996/10/8,16.0625
1996/10/9,16.25
1996/10/10,15.8125
1996/10/11,16.1875
1996/10/14,16.0625
1996/10/15,16.3125
1996/10/16,16
1996/10/17,16
1996/10/18,16.1875
1996/10/21,16.375
1996/10/22,16.25
1996/10/23,15.9375
1996/10/24,16.0625
1996/10/25,16.0625
1996/10/28,16
1996/10/29,16.125
1996/10/30,15.375
1996/10/31,15.6875
1996/11/1,16.0625
1996/11/4,15.9375
1996/11/5,16.25
1996/11/6,16.625
1996/11/7,16.6875
1996/11/8,15.8125
1996/11/11,16.8125
1996/11/12,16.9375
1996/11/13,17.125
1996/11/14,17.3125
1996/11/15,17.3125
1996/11/18,17.625
1996/11/19,17.5
1996/11/20,17.75
1996/11/21,17.5
1996/11/22,17.6875
1996/11/25,17.625
1996/11/26,17.625
1996/11/27,17.4375
1996/11/29,17.625
1996/12/2,17.4375
1996/12/3,17.4375
1996/12/4,17
1996/12/5,17.1875
1996/12/6,17.125
1996/12/9,16.9375
1996/12/10,16.75
1996/12/11,16.75
1996/12/12,16.6875
1996/12/13,16.75
1996/12/16,16.9375
1996/12/17,16.625
1996/12/18,16.9531
1996/12/19,17.0625
1996/12/20,17.5
1996/12/23,17.375
1996/12/24,17.3125
1996/12/26,17.25
1996/12/27,17.625
1996/12/30,17.625
1996/12/31,17.625
1997/1/2,17.625
1997/1/3,17.9375
1997/1/6,17.875
1997/1/7,18
1997/1/8,18.125
1997/1/9,18.0625
1997/1/10,18.1875
1997/1/13,18.0625
1997/1/14,18.375
1997/1/15,18.875
1997/1/16,19.3125
1997/1/17,19.3125
1997/1/20,19.3125
1997/1/21,19.3125
1997/1/22,19.4375
1997/1/23,19.1875
1997/1/24,19.125
1997/1/27,19.3125
1997/1/28,19.0625
1997/1/29,18.8125
1997/1/30,19.0625
1997/1/31,19
1997/2/3,18.9375
1997/2/4,18.875
1997/2/5,19.125
1997/2/6,19.25
1997/2/7,19.125
1997/2/10,19.3125
1997/2/11,19.25
1997/2/12,18.9375
1997/2/13,18.875
1997/2/14,19
1997/2/18,19.75
1997/2/19,19.5
1997/2/20,19.3125
1997/2/21,19.1875
1997/2/24,19.625
1997/2/25,20.1875
1997/2/26,20
1997/2/27,19.75
1997/2/28,19.375
1997/3/3,19.5625
1997/3/4,19.625
1997/3/5,19.4375
1997/3/6,19.75
1997/3/7,20.25
1997/3/10,20.8125
1997/3/11,21.125
1997/3/12,20.625
1997/3/13,20.4375
1997/3/14,20.375
1997/3/17,20.25
1997/3/18,19.875
1997/3/19,19.0625
1997/3/20,18.25
1997/3/21,19
1997/3/24,18.625
1997/3/25,19.0625
1997/3/26,19.1875
1997/3/27,19.6875
1997/3/31,19.375
1997/4/1,19
1997/4/2,18.75
1997/4/3,18.5625
1997/4/4,18.9375
1997/4/7,19.25
1997/4/8,19.1875
1997/4/9,19.25
1997/4/10,19.125
1997/4/11,19
1997/4/14,18.5
1997/4/15,19
1997/4/16,18.75
1997/4/17,18.875
1997/4/18,19
1997/4/21,19.5
1997/4/22,19.5
1997/4/23,19.75
1997/4/24,19.9375
1997/4/25,19.375
1997/4/28,19.5
1997/4/29,19.8125
1997/4/30,19.9375
1997/5/1,19.6875
1997/5/2,20.125
1997/5/5,20.4375
1997/5/6,20.4375
1997/5/7,20
1997/5/8,20.375
1997/5/9,20.4375
1997/5/12,20.875
1997/5/13,20.75
1997/5/14,20.625
1997/5/15,20.875
1997/5/16,20.875
1997/5/19,20.8125
1997/5/20,20.9375
1997/5/21,22.375
1997/5/22,22.1875
1997/5/23,22.75
1997/5/27,23.3125
1997/5/28,23.25
1997/5/29,22.5625
1997/5/30,22.0625
1997/6/2,22.125
1997/6/3,22.5625
1997/6/4,22.8125
1997/6/5,22.875
1997/6/6,23.1875
1997/6/9,23.75
1997/6/10,23.625
1997/6/11,23.5625
1997/6/12,23.4375
1997/6/13,23.4375
1997/6/16,23.1875
1997/6/17,23
1997/6/18,22.8125
1997/6/19,23.125
1997/6/20,23.125
1997/6/23,23
1997/6/24,23.28125
1997/6/25,23.59375
1997/6/26,23.5
1997/6/27,23.375
1997/6/30,23.1875
1997/7/1,23.3125
1997/7/2,23.1875
1997/7/3,23.78125
1997/7/7,24.125
1997/7/8,25.75
1997/7/9,26.25
1997/7/10,26.25
1997/7/11,25.8125
1997/7/14,25.375
1997/7/15,25.3125
1997/7/16,25.53125
1997/7/17,25
1997/7/18,24.78125
1997/7/21,24.5625
1997/7/22,25.0625
1997/7/23,25.3125
1997/7/24,24.96875
1997/7/25,24.65625
1997/7/28,24.84375
1997/7/29,24.46875
1997/7/30,24.53125
1997/7/31,24.59375
1997/8/1,24.15625
1997/8/4,23.71875
1997/8/5,23.25
1997/8/6,23.875
1997/8/7,24.15625
1997/8/8,24.125
1997/8/11,23.84375
1997/8/12,23.53125
1997/8/13,23
1997/8/14,23
1997/8/15,22.0625
1997/8/18,23.21875
1997/8/19,24.09375
1997/8/20,23.75
1997/8/21,23.125
1997/8/22,23.0625
1997/8/25,23.03125
1997/8/26,23.125
1997/8/27,22.84375
1997/8/28,22.5625
1997/8/29,22.03125
1997/9/2,23.625
1997/9/3,23.4375
1997/9/4,22.8125
1997/9/5,22.875
1997/9/8,22.84375
1997/9/9,22.6875
1997/9/10,22.375
1997/9/11,22.03125
1997/9/12,22.5625
1997/9/15,22.5
1997/9/16,23.03125
1997/9/17,23.15625
1997/9/18,23.15625
1997/9/19,23.09375
1997/9/22,23
1997/9/23,22.59375
1997/9/24,22.8125
1997/9/25,22.875
1997/9/26,22.96875
1997/9/29,23.03125
1997/9/30,22.96875
1997/10/1,23.4375
1997/10/2,24.125
1997/10/3,24.5
1997/10/6,24.625
1997/10/7,24.625
1997/10/8,24.15625
1997/10/9,23.3125
1997/10/10,22.8125
1997/10/13,23.375
1997/10/14,23.3125
1997/10/15,22.96875
1997/10/16,22.40625
1997/10/17,21.875
1997/10/20,22.09375
1997/10/21,22.59375
1997/10/22,22.15625
1997/10/23,21.34375
1997/10/24,21.1875
1997/10/27,20.1875
1997/10/28,20.53125
1997/10/29,21
1997/10/30,20.6875
1997/10/31,20.8125
1997/11/3,21.875
1997/11/4,21.5625
1997/11/5,21.96875
1997/11/6,21.59375
1997/11/7,20.9375
1997/11/10,21
1997/11/11,21.0625
1997/11/12,20.5
1997/11/13,20.53125
1997/11/14,20.71875
1997/11/17,21.0625
1997/11/18,21.0625
1997/11/19,20.9375
1997/11/20,21
1997/11/21,20.90625
1997/11/24,20.40625
1997/11/25,20.34375
1997/11/26,20.09375
1997/11/28,20.375
1997/12/1,20.53125
1997/12/2,21
1997/12/3,21.53125
1997/12/4,22.15625
1997/12/5,21.96875
1997/12/8,21.375
1997/12/9,21.53125
1997/12/10,21.5625
1997/12/11,21.09375
1997/12/12,20.625
1997/12/15,20.59375
1997/12/16,20.8125
1997/12/17,21.34375
1997/12/18,21.09375
1997/12/19,20.375
1997/12/22,20.59375
1997/12/23,20.25
1997/12/24,20.46875
1997/12/26,20.5
1997/12/29,20.84375
1997/12/30,21.09375
1997/12/31,21.15625
1998/1/2,21.8125
1998/1/5,21.96875
1998/1/6,22.125
1998/1/7,22.6875
1998/1/8,22.375
1998/1/9,21.03125
1998/1/12,21.0625
1998/1/13,21.5625
1998/1/14,21.625
1998/1/15,21.4375
1998/1/16,22.21875
1998/1/20,22.4375
1998/1/21,22.34375
1998/1/22,22.9375
1998/1/23,23.0625
1998/1/26,22.78125
1998/1/27,22.9375
1998/1/28,23.125
1998/1/29,22.84375
1998/1/30,22.8125
1998/2/2,23.65625
1998/2/3,23.53125
1998/2/4,23.40625
1998/2/5,23.78125
1998/2/6,23.96875
1998/2/9,23.875
1998/2/10,24.125
1998/2/11,24.125
1998/2/12,23.9375
1998/2/13,24
1998/2/17,24.21875
1998/2/18,25.375
1998/2/19,25.25
1998/2/20,25.1875
1998/2/23,25.96875
1998/2/24,25.75
1998/2/25,26.0625
1998/2/26,26.25
1998/2/27,26.59375
1998/3/2,27.21875
1998/3/3,26.90625
1998/3/4,26.375
1998/3/5,25.9375
1998/3/6,27
1998/3/9,27.3125
1998/3/10,27.21875
1998/3/11,27.28125
1998/3/12,27.15625
1998/3/13,27.71875
1998/3/16,28.125
1998/3/17,28.53125
1998/3/18,28.25
1998/3/19,28.3125
1998/3/20,28.75
1998/3/23,28.75
1998/3/24,28.84375
1998/3/25,29.4375
1998/3/26,29.375
1998/3/27,29.25
1998/3/30,28.71875
1998/3/31,28.46875
1998/4/1,28.71875
1998/4/2,30.59375
1998/4/3,31.40625
1998/4/6,33
1998/4/7,32.4375
1998/4/8,32.5625
1998/4/9,33.5
1998/4/13,34.25
1998/4/14,34.28125
1998/4/15,34.71875
1998/4/16,33.21875
1998/4/17,33.8125
1998/4/20,34.25
1998/4/21,34.3125
1998/4/22,34
1998/4/23,33.40625
1998/4/24,32.53125
1998/4/27,30.5
1998/4/28,31.25
1998/4/29,32.65625
1998/4/30,33.625
1998/5/1,34.90625
1998/5/4,34.75
1998/5/5,33.9375
1998/5/6,33.5625
1998/5/7,32.59375
1998/5/8,33.71875
1998/5/11,33.8125
1998/5/12,33.34375
1998/5/13,33.53125
1998/5/14,32.9375
1998/5/15,32.71875
1998/5/18,32.03125
1998/5/19,32.9375
1998/5/20,34.3125
1998/5/21,34.5
1998/5/22,34.5625
1998/5/26,35.28125
1998/5/27,34.5625
1998/5/28,34.3125
1998/5/29,34.125
1998/6/1,34.59375
1998/6/2,34.5625
1998/6/3,34.9375
1998/6/4,34.84375
1998/6/5,34.90625
1998/6/8,34.90625
1998/6/9,34.59375
1998/6/10,33.8125
1998/6/11,33.40625
1998/6/12,33.21875
1998/6/15,31.53125
1998/6/16,32.3125
1998/6/17,33.03125
1998/6/18,32.46875
1998/6/19,32.21875
1998/6/22,32.125
1998/6/23,31.84375
1998/6/24,31.59375
1998/6/25,31.90625
1998/6/26,32.3125
1998/6/29,32.625
1998/6/30,32.6875
1998/7/1,33.4375
1998/7/2,33.25
1998/7/6,34.09375
1998/7/7,34
1998/7/8,34.53125
1998/7/9,34.125
1998/7/10,34.5625
1998/7/13,35.6875
1998/7/14,37.3125
1998/7/15,37.15625
1998/7/16,37.0625
1998/7/17,37.3125
1998/7/20,38.125
1998/7/21,37.71875
1998/7/22,37.8125
1998/7/23,36.8125
1998/7/24,37.5
1998/7/27,37.3125
1998/7/28,37.40625
1998/7/29,37.09375
1998/7/30,37.90625
1998/7/31,37.4375
1998/8/3,36.5
1998/8/4,36.375
1998/8/5,35.53125
1998/8/6,35.6875
1998/8/7,35.6875
1998/8/10,35.125
1998/8/11,33.21875
1998/8/12,34
1998/8/13,33.5
1998/8/14,32.9375
1998/8/17,32.9375
1998/8/18,34.625
1998/8/19,34.71875
1998/8/20,34.375
1998/8/21,32.75
1998/8/24,32.5625
1998/8/25,33.5
1998/8/26,32.125
1998/8/27,29.59375
1998/8/28,28.9375
1998/8/31,27.25
1998/9/1,29.5625
1998/9/2,30.75
1998/9/3,29.875
1998/9/4,28.375
1998/9/8,30.1875
1998/9/9,28.375
1998/9/10,26.875
1998/9/11,27.28125
1998/9/14,27.875
1998/9/15,28
1998/9/16,29.09375
1998/9/17,27.625
1998/9/18,27
1998/9/21,24.875
1998/9/22,25.375
1998/9/23,27.125
1998/9/24,25.125
1998/9/25,24.875
1998/9/28,24.6875
1998/9/29,24.65625
1998/9/30,21.9375
1998/10/1,18.59375
1998/10/2,20
1998/10/5,18.71875
1998/10/6,20.375
1998/10/7,20.25
1998/10/8,20
1998/10/9,20.4375
1998/10/12,22.09375
1998/10/13,22.75
1998/10/14,23.65625
1998/10/15,25.1875
1998/10/16,24.03125
1998/10/19,23.4375
1998/10/20,24.25
1998/10/21,24.25
1998/10/22,24.75
1998/10/23,24.125
1998/10/26,23.65625
1998/10/27,23.5
1998/10/28,23.125
1998/10/29,23.84375
1998/10/30,24.6875
1998/11/2,26.4375
1998/11/3,26.96875
1998/11/4,27.34375
1998/11/5,27.3125
1998/11/6,26.71875
1998/11/9,26.492149
1998/11/10,25.96875
1998/11/11,26.125
1998/11/12,25.5625
1998/11/13,25.59375
1998/11/16,26.9375
1998/11/17,27.71875
1998/11/18,27.8125
1998/11/19,28.0625
1998/11/20,29.15625
1998/11/23,30.25
1998/11/24,28.9375
1998/11/25,29.4375
1998/11/27,29.8125
1998/11/30,28.1875
1998/12/1,27.4375
1998/12/2,26.4375
1998/12/3,26.59375
1998/12/4,28.0625
1998/12/7,27.75
1998/12/8,27.5625
1998/12/9,28.65625
1998/12/10,28.5625
1998/12/11,28
1998/12/14,26.96875
1998/12/15,28.125
1998/12/16,28.40625
1998/12/17,29.1875
1998/12/18,28.78125
1998/12/21,29.21875
1998/12/22,29.75
1998/12/23,30.59375
1998/12/24,30.4375
1998/12/28,30.53125
1998/12/29,31.21875
1998/12/30,30.5
1998/12/31,31.09375
1999/1/4,32.5
1999/1/5,33.25
1999/1/6,34.71875
1999/1/7,33.25
1999/1/8,33.1875
1999/1/11,31.5625
1999/1/12,30.875
1999/1/13,29.375
1999/1/14,28.4375
1999/1/15,29.125
1999/1/19,31
1999/1/20,31.25
1999/1/21,30.90625
1999/1/22,29.1875
1999/1/25,29.5
1999/1/26,29.6875
1999/1/27,29.03125
1999/1/28,29.71875
1999/1/29,29.59375
1999/2/1,30.46875
1999/2/2,29.625
1999/2/3,29.53125
1999/2/4,29.03125
1999/2/5,29
1999/2/8,28.75
1999/2/9,27.1875
1999/2/10,27.5625
1999/2/11,28.78125
1999/2/12,27.5625
1999/2/16,27.15625
1999/2/17,27
1999/2/18,27.25
1999/2/19,27.15625
1999/2/22,28.0625
1999/2/23,28.15625
1999/2/24,28
1999/2/25,27.75
1999/2/26,27.96875
1999/3/1,27.4375
1999/3/2,27
1999/3/3,26.4375
1999/3/4,26.5
1999/3/5,27.3125
1999/3/8,26.8125
1999/3/9,26.9375
1999/3/10,27.09375
1999/3/11,28.09375
1999/3/12,27.84375
1999/3/15,28.125
1999/3/16,28.5
1999/3/17,28.09375
1999/3/18,27.84375
1999/3/19,27.90625
1999/3/22,28
1999/3/23,27.3125
1999/3/24,27
1999/3/25,27.90625
1999/3/26,26.625
1999/3/29,27.34375
1999/3/30,27.3125
1999/3/31,27.46875
1999/4/1,27.3125
1999/4/5,27.3125
1999/4/6,27.9375
1999/4/7,28.09375
1999/4/8,28.5625
1999/4/9,28.875
1999/4/12,28.875
1999/4/13,29
1999/4/14,28.9375
1999/4/15,28.625
1999/4/16,29
1999/4/19,29.46875
1999/4/20,29.75
1999/4/21,29.71875
1999/4/22,29.78125
1999/4/23,29.96875
1999/4/26,29.875
1999/4/27,30.90625
1999/4/28,31.375
1999/4/29,30.9375
1999/4/30,30.6875
1999/5/3,30.65625
1999/5/4,30.3125
1999/5/5,30.6875
1999/5/6,29.3125
1999/5/7,28.71875
1999/5/10,29
1999/5/11,28.375
1999/5/12,28.3125
1999/5/13,28.3125
1999/5/14,27.59375
1999/5/17,27.15625
1999/5/18,27.375
1999/5/19,28.4375
1999/5/20,28.5625
1999/5/21,28.75
1999/5/24,28.15625
1999/5/25,28.03125
1999/5/26,27.9375
1999/5/27,26.8125
1999/5/28,26.8125
1999/6/1,27
1999/6/2,26.78125
1999/6/3,26.96875
1999/6/4,27.125
1999/6/7,27.15625
1999/6/8,27.15625
1999/6/9,27.09375
1999/6/10,26.71875
1999/6/11,26.75
1999/6/14,26.9375
1999/6/15,26.75
1999/6/16,26.6875
1999/6/17,27.3125
1999/6/18,27.75
1999/6/21,27.875
1999/6/22,27.40625
1999/6/23,27.03125
1999/6/24,27.125
1999/6/25,26.5625
1999/6/28,26.75
1999/6/29,26.9375
1999/6/30,27.5
1999/7/1,26.96875
1999/7/2,26.625
1999/7/6,26.875
1999/7/7,26.625
1999/7/8,26.375
1999/7/9,26.875
1999/7/12,27
1999/7/13,26.3125
1999/7/14,26.6875
1999/7/15,27.1875
1999/7/16,26.78125
1999/7/19,26.71875
1999/7/20,26.40625
1999/7/21,27.0625
1999/7/22,26.84375
1999/7/23,26.5625
1999/7/26,26.625
1999/7/27,26.875
1999/7/28,26.5625
1999/7/29,25.65625
1999/7/30,25.4375
1999/8/2,25.59375
1999/8/3,25.125
1999/8/4,25
1999/8/5,24.78125
1999/8/6,24.46875
1999/8/9,24.375
1999/8/10,23.90625
1999/8/11,24.59375
1999/8/12,25.375
1999/8/13,26.84375
1999/8/16,27.15625
1999/8/17,27.5
1999/8/18,27.09375
1999/8/19,26.71875
1999/8/20,26.84375
1999/8/23,28.1875
1999/8/24,28.3125
1999/8/25,28.40625
1999/8/26,28.3125
1999/8/27,28.21875
1999/8/30,27.6875
1999/8/31,27.4375
1999/9/1,27.25
1999/9/2,27.53125
1999/9/3,28.5
1999/9/7,27.78125
1999/9/8,27.96875
1999/9/9,27.75
1999/9/10,27.25
1999/9/13,27.09375
1999/9/14,26.8125
1999/9/15,27.15625
1999/9/16,27.3125
1999/9/17,27.03125
1999/9/20,27.0625
1999/9/21,26.5625
1999/9/22,26.8125
1999/9/23,26.625
1999/9/24,26.375
1999/9/27,26.6875
1999/9/28,26.28125
1999/9/29,26.6875
1999/9/30,27.375
1999/10/1,27.3125
1999/10/4,28.03125
1999/10/5,28.25
1999/10/6,28.53125
1999/10/7,28.40625
1999/10/8,28.53125
1999/10/11,28.5
1999/10/12,28.53125
1999/10/13,28.46875
1999/10/14,28.46875
1999/10/15,27.875
1999/10/18,27.53125
1999/10/19,27.71875
1999/10/20,28
1999/10/21,28.03125
1999/10/22,28.03125
1999/10/25,28.03125
1999/10/26,28.09375
1999/10/27,28.125
1999/10/28,29.3125
1999/10/29,29.5625
1999/11/1,29.09375
1999/11/2,29.625
1999/11/3,29.9375
1999/11/4,30.40625
1999/11/5,30.5
1999/11/8,30.84375
1999/11/9,31.8125
1999/11/10,31.34375
1999/11/11,31.15625
1999/11/12,30.75
1999/11/15,31.15625
1999/11/16,31.46875
1999/11/17,31.5
1999/11/18,31.46875
1999/11/19,30.8125
1999/11/22,30.65625
1999/11/23,30.625
1999/11/24,30.34375
1999/11/26,29.6875
1999/11/29,29.40625
1999/11/30,28.25
1999/12/1,28.71875
1999/12/2,28.65625
1999/12/3,28.875
1999/12/6,28.71875
1999/12/7,29.3125
1999/12/8,29.15625
1999/12/9,28.9375
1999/12/10,28.96875
1999/12/13,28.6875
1999/12/14,28.53125
1999/12/15,28.40625
1999/12/16,29
1999/12/17,28.53125
1999/12/20,28.71875
1999/12/21,28.96875
1999/12/22,29.4375
1999/12/23,30.40625
1999/12/27,30.09375
1999/12/28,29.75
1999/12/29,29.8125
1999/12/30,30.09375
1999/12/31,30.5
2000/1/3,30.65625
2000/1/4,29.84375
2000/1/5,30.09375
2000/1/6,29.875
2000/1/7,30.40625
2000/1/10,30.125
2000/1/11,29.8125
2000/1/12,29.125
2000/1/13,28.84375
2000/1/14,29.0625
2000/1/18,28.40625
2000/1/19,28.5
2000/1/20,28.15625
2000/1/21,27.8125
2000/1/24,26.625
2000/1/25,26.6875
2000/1/26,26.71875
2000/1/27,26.5
2000/1/28,26.1875
2000/1/31,25.53125
2000/2/1,25.5
2000/2/2,25.5625
2000/2/3,27.125
2000/2/4,26.75
2000/2/7,26.625
2000/2/8,27.25
2000/2/9,27.25
2000/2/10,26.46875
2000/2/11,24.84375
2000/2/14,24.71875
2000/2/15,26.28125
2000/2/16,26.59375
2000/2/17,27
2000/2/18,26.90625
2000/2/22,26.71875
2000/2/23,27.03125
2000/2/24,26.375
2000/2/25,25.8125
2000/2/28,26.5
2000/2/29,25.78125
2000/3/1,25.90625
2000/3/2,25.375
2000/3/3,24.625
2000/3/6,24.1875
2000/3/7,24.8125
2000/3/8,24.8125
2000/3/9,24.6875
2000/3/10,24.25
2000/3/13,23.96875
2000/3/14,23.53125
2000/3/15,24.375
2000/3/16,26.4375
2000/3/17,25.59375
2000/3/20,25.5625
2000/3/21,26.5
2000/3/22,27.625
2000/3/23,28
2000/3/24,27.5625
2000/3/27,27.3125
2000/3/28,27.1875
2000/3/29,27.09375
2000/3/30,26.96875
2000/3/31,27.5
2000/4/3,27.1875
2000/4/4,28.90625
2000/4/5,29.0625
2000/4/6,28.875
2000/4/7,28.15625
2000/4/10,28.5625
2000/4/11,28.65625
2000/4/12,29.1875
2000/4/13,29.03125
2000/4/14,28.40625
2000/4/17,28.3125
2000/4/18,28.125
2000/4/19,27.65625
2000/4/20,27.9375
2000/4/24,28.28125
2000/4/25,28.34375
2000/4/26,28.21875
2000/4/27,27.59375
2000/4/28,27.46875
2000/5/1,27.90625
2000/5/2,26.6875
2000/5/3,26.40625
2000/5/4,26.6875
2000/5/5,27.0625
2000/5/8,26.5625
2000/5/9,27
2000/5/10,27.46875
2000/5/11,27.65625
2000/5/12,28.09375
2000/5/15,28
2000/5/16,28.1875
2000/5/17,27.96875
2000/5/18,28.28125
2000/5/19,28.25
2000/5/22,28.3125
2000/5/23,28.71875
2000/5/24,29.125
2000/5/25,28.78125
2000/5/26,29.5
2000/5/30,30.0625
2000/5/31,30.15625
2000/6/1,30.53125
2000/6/2,31.03125
2000/6/5,31.375
2000/6/6,31.4375
2000/6/7,32.0625
2000/6/8,31.75
2000/6/9,31.53125
2000/6/12,31.9375
2000/6/13,33.09375
2000/6/14,33.09375
2000/6/15,32.4375
2000/6/16,32.28125
2000/6/19,31.90625
2000/6/20,31.53125
2000/6/21,31.46875
2000/6/22,31.15625
2000/6/23,31.4375
2000/6/26,31.6875
2000/6/27,32.15625
2000/6/28,32.8125
2000/6/29,33.40625
2000/6/30,33.75
2000/7/3,33.84375
2000/7/5,33.71875
2000/7/6,33.71875
2000/7/7,33.9375
2000/7/10,34.4375
2000/7/11,34.3125
2000/7/12,34.15625
2000/7/13,33.28125
2000/7/14,33.59375
2000/7/17,33.09375
2000/7/18,32.65625
2000/7/19,32.5625
2000/7/20,32.5625
2000/7/21,32.65625
2000/7/24,33.40625
2000/7/25,34
2000/7/26,33.71875
2000/7/27,33.8125
2000/7/28,33.25
2000/7/31,33.625
2000/8/1,33.25
2000/8/2,33.09375
2000/8/3,32.5625
2000/8/4,32.78125
2000/8/7,33
2000/8/8,33.59375
2000/8/9,33.65625
2000/8/10,33.6875
2000/8/11,33.71875
2000/8/14,33.75
2000/8/15,33.96875
2000/8/16,34.03125
2000/8/17,34.21875
2000/8/18,34.21875
2000/8/21,34.03125
2000/8/22,34.0625
2000/8/23,34.1875
2000/8/24,34.46875
2000/8/25,34
2000/8/28,34.375
2000/8/29,34.1875
2000/8/30,34.03125
2000/8/31,33.71875
2000/9/1,33.625
2000/9/5,33.90625
2000/9/6,33.28125
2000/9/7,33.0625
2000/9/8,32.6875
2000/9/11,32.375
2000/9/12,32.15625
2000/9/13,32.09375
2000/9/14,32.375
2000/9/15,31.75
2000/9/18,31
2000/9/19,31.03125
2000/9/20,30.5625
2000/9/21,30.59375
2000/9/22,31.9375
2000/9/25,31.90625
2000/9/26,32
2000/9/27,32.28125
2000/9/28,33.28125
2000/9/29,32.9375
2000/10/2,33.65625
2000/10/3,33.59375
2000/10/4,34.1875
2000/10/5,33.78125
2000/10/6,33.46875
2000/10/9,32.96875
2000/10/10,32.5
2000/10/11,32.09375
2000/10/12,31.5
2000/10/13,31.34375
2000/10/16,30.8125
2000/10/17,30.875
2000/10/18,30.59375
2000/10/19,32.125
2000/10/20,32.0625
2000/10/23,31.9375
2000/10/24,32.875
2000/10/25,31.8125
2000/10/26,32.125
2000/10/27,32.75
2000/10/30,33.96875
2000/10/31,34.59375
2000/11/1,35.09375
2000/11/2,35.6875
2000/11/3,36
2000/11/6,35.8125
2000/11/7,35.6875
2000/11/8,35.625
2000/11/9,36.3125
2000/11/10,36.03125
2000/11/13,35.5
2000/11/14,36.0625
2000/11/15,36.09375
2000/11/16,35.5
2000/11/17,35.84375
2000/11/20,35.375
2000/11/21,35.21875
2000/11/22,33.59375
2000/11/24,34.09375
2000/11/27,35.09375
2000/11/28,35.53125
2000/11/29,35.78125
2000/11/30,35.875
2000/12/1,37.28125
2000/12/4,36.875
2000/12/5,37.375
2000/12/6,37.15625
2000/12/7,37.09375
2000/12/8,36.65625
2000/12/11,36.75
2000/12/12,36.0625
2000/12/13,35.34375
2000/12/14,35.75
2000/12/15,35.65625
2000/12/18,36.3125
2000/12/19,36.90625
2000/12/20,37.0625
2000/12/21,38.03125
2000/12/22,38.40625
2000/12/26,38.46875
2000/12/27,39.3125
2000/12/28,39.8125
2000/12/29,40.0625
2001/1/2,40.5
2001/1/3,41.71875
2001/1/4,41.59375
2001/1/5,41.03125
2001/1/8,40.5625
2001/1/9,40.09375
2001/1/10,39.9375
2001/1/11,40.5
2001/1/12,39.46875
2001/1/16,38.625
2001/1/17,38.78125
2001/1/18,38.4375
2001/1/19,36.40625
2001/1/22,36.875
2001/1/23,37.71875
2001/1/24,37.9375
2001/1/25,38.21875
2001/1/26,38.34375
2001/1/29,38.560001
2001/1/30,38.349998
2001/1/31,38.275002
2001/2/1,38.259998
2001/2/2,38.009998
2001/2/5,37.869999
2001/2/6,37.525002
2001/2/7,37.509998
2001/2/8,37.035
2001/2/9,36.75
2001/2/12,37.09
2001/2/13,36.889999
2001/2/14,37.305
2001/2/15,36.305
2001/2/16,35.900002
2001/2/20,35.415001
2001/2/21,34.900002
2001/2/22,34.145
2001/2/23,34.255001
2001/2/26,34.345001
2001/2/27,34.314999
2001/2/28,34.700001
2001/3/1,34.82
2001/3/2,34.994999
2001/3/5,34.575001
2001/3/6,34.799999
2001/3/7,34.950001
2001/3/8,35.575001
2001/3/9,35.650002
2001/3/12,34.369999
2001/3/13,33.715
2001/3/14,32.150002
2001/3/15,32.275002
2001/3/16,30.559999
2001/3/19,30.645
2001/3/20,30.844999
2001/3/21,30.424999
2001/3/22,28.825001
2001/3/23,29.975
2001/3/26,31.485001
2001/3/27,32.549999
2001/3/28,31.66
2001/3/29,32.025002
2001/3/30,32.540001
2001/4/2,32.490002
2001/4/3,32.334999
2001/4/4,33.145
2001/4/5,33.695
2001/4/6,33.73
2001/4/9,34.494999
2001/4/10,34.400002
2001/4/11,34.049999
2001/4/12,34.494999
2001/4/16,34.009998
2001/4/17,33.5
2001/4/18,34.59
2001/4/19,34.705002
2001/4/20,33.884998
2001/4/23,33.150002
2001/4/24,33.349998
2001/4/25,34.049999
2001/4/26,34.130001
2001/4/27,34.525002
2001/4/30,34.494999
2001/5/1,34.299999
2001/5/2,33.5
2001/5/3,32.974998
2001/5/4,32.5
2001/5/7,32.400002
2001/5/8,32.075001
2001/5/9,31.860001
2001/5/10,33.025002
2001/5/11,32.810001
2001/5/14,32.895
2001/5/15,33.165001
2001/5/16,32.580002
2001/5/17,32.544998
2001/5/18,32.400002
2001/5/21,32.610001
2001/5/22,32.950001
2001/5/23,32.830002
2001/5/24,32.845001
2001/5/25,32.775002
2001/5/29,33.125
2001/5/30,32.445
2001/5/31,32.424999
2001/6/1,31.805
2001/6/4,32.169998
2001/6/5,32.575001
2001/6/6,32.294998
2001/6/7,32.220001
2001/6/8,32.224998
2001/6/11,31.674999
2001/6/12,31.549999
2001/6/13,31.610001
2001/6/14,31.715
2001/6/15,31.15
2001/6/18,31.295
2001/6/19,31.040001
2001/6/20,31.325001
2001/6/21,31.985001
2001/6/22,32.41
2001/6/25,32.900002
2001/6/26,32.66
2001/6/27,32.415001
2001/6/28,32.139999
2001/6/29,32.935001
2001/7/2,33.665001
2001/7/3,33.599998
2001/7/5,33.125
2001/7/6,32.825001
2001/7/9,33.099998
2001/7/10,32.474998
2001/7/11,32.595001
2001/7/12,32.275002
2001/7/13,32.200001
2001/7/16,31.959999
2001/7/17,32.459999
2001/7/18,32.209999
2001/7/19,32.470001
2001/7/20,32
2001/7/23,32.389999
2001/7/24,32.41
2001/7/25,31.75
2001/7/26,31.190001
2001/7/27,31.799999
2001/7/30,32.599998
2001/7/31,32.509998
2001/8/1,32.849998
2001/8/2,33.060001
2001/8/3,32.799999
2001/8/6,32.610001
2001/8/7,33.09
2001/8/8,32.740002
2001/8/9,32.689999
2001/8/10,32.59
2001/8/13,33.049999
2001/8/14,33.279999
2001/8/15,33.5
2001/8/16,33.18
2001/8/17,32.139999
2001/8/20,32.830002
2001/8/21,33.130001
2001/8/22,32.860001
2001/8/23,32.900002
2001/8/24,33.650002
2001/8/27,33.240002
2001/8/28,32.41
2001/8/29,32.810001
2001/8/30,32.27
2001/8/31,31.68
2001/9/4,30.549999
2001/9/5,29.639999
2001/9/6,28.75
2001/9/7,27.360001
2001/9/10,27.26
2001/9/17,25.809999
2001/9/18,26.09
2001/9/19,25.040001
2001/9/20,23.02
2001/9/21,21.299999
2001/9/24,22.809999
2001/9/25,24.66
2001/9/26,25.59
2001/9/27,26.01
2001/9/28,26.700001
2001/10/1,25.75
2001/10/2,26.91
2001/10/3,27.110001
2001/10/4,27.040001
2001/10/5,27.379999
2001/10/8,26.950001
2001/10/9,26.4
2001/10/10,27.98
2001/10/11,28.299999
2001/10/12,28.26
2001/10/15,24.459999
2001/10/16,24.459999
2001/10/17,25.030001
2001/10/18,24.799999
2001/10/19,24.299999
2001/10/22,24.91
2001/10/23,25.610001
2001/10/24,25.950001
2001/10/25,25.690001
2001/10/26,25.77
2001/10/29,25.68
2001/10/30,24.9
2001/10/31,24.860001
2001/11/1,25.92
2001/11/2,26.15
2001/11/5,26.76
2001/11/6,26.66
2001/11/7,27.049999
2001/11/8,28.059999
2001/11/9,27.200001
2001/11/12,26.49
2001/11/13,27.1
2001/11/14,26.469999
2001/11/15,26.32
2001/11/16,26.700001
2001/11/19,26.799999
2001/11/20,26.4
2001/11/21,26.41
2001/11/23,27.4
2001/11/26,27.440001
2001/11/27,26.299999
2001/11/28,25.6
2001/11/29,26.219999
2001/11/30,26.01
2001/12/3,25.110001
2001/12/4,25.4
2001/12/5,26.24
2001/12/6,26.17
2001/12/7,26.17
2001/12/10,25.25
2001/12/11,25.209999
2001/12/12,24.48
2001/12/13,23.879999
2001/12/14,24.25
2001/12/17,25.120001
2001/12/18,24.799999
2001/12/19,24.450001
2001/12/20,23.799999
2001/12/21,24.469999
2001/12/24,23.75
2001/12/26,24
2001/12/27,24.700001
2001/12/28,25.17
2001/12/31,25.450001
2002/1/2,25.4
2002/1/3,25.77
2002/1/4,25.299999
2002/1/7,25.299999
2002/1/8,24.870001
2002/1/9,24.65
2002/1/10,24.690001
2002/1/11,24.690001
2002/1/14,23.98
2002/1/15,24.200001
2002/1/16,23.700001
2002/1/17,25.41
2002/1/18,25.35
2002/1/22,25.42
2002/1/23,25.370001
2002/1/24,26.02
2002/1/25,25.809999
2002/1/28,25.75
2002/1/29,25.1
2002/1/30,25.15
2002/1/31,25.25
2002/2/1,24.9
2002/2/4,24.25
2002/2/5,23.549999
2002/2/6,23.040001
2002/2/7,23
2002/2/8,23.75
2002/2/11,24.629999
2002/2/12,24.139999
2002/2/13,24.51
2002/2/14,24.84
2002/2/15,24.549999
2002/2/19,23.370001
2002/2/20,23.120001
2002/2/21,22.85
2002/2/22,22.799999
2002/2/25,22.77
2002/2/26,22.75
2002/2/27,22.620001
2002/2/28,23.77
2002/3/1,24.219999
2002/3/4,25.370001
2002/3/5,25.01
2002/3/6,25.51
2002/3/7,25.59
2002/3/8,25.700001
2002/3/11,25.799999
2002/3/12,25.42
2002/3/13,24.799999
2002/3/14,25.34
2002/3/15,26.26
2002/3/18,26.709999
2002/3/19,26.92
2002/3/20,26.74
2002/3/21,26.93
2002/3/22,26.549999
2002/3/25,26.66
2002/3/26,26.76
2002/3/27,27.1
2002/3/28,26.91
2002/4/1,27.17
2002/4/2,27.32
2002/4/3,26.68
2002/4/4,26.35
2002/4/5,26.4
2002/4/8,25.530001
2002/4/9,25.940001
2002/4/10,26.459999
2002/4/11,26.18
2002/4/12,26.4
2002/4/15,26.559999
2002/4/16,26.92
2002/4/17,27.040001
2002/4/18,27.07
2002/4/19,27.16
2002/4/22,26.709999
2002/4/23,26.66
2002/4/24,26.639999
2002/4/25,26.27
2002/4/26,26.440001
2002/4/29,25.98
2002/4/30,26.34
2002/5/1,26.59
2002/5/2,25.68
2002/5/3,26.07
2002/5/6,25.219999
2002/5/7,25.17
2002/5/8,25.440001
2002/5/9,25.309999
2002/5/10,24.77
2002/5/13,25.290001
2002/5/14,25.700001
2002/5/15,26.08
2002/5/16,25.790001
2002/5/17,25.799999
2002/5/20,25.52
2002/5/21,25.469999
2002/5/22,25.639999
2002/5/23,26.469999
2002/5/24,26.33
2002/5/28,26.889999
2002/5/29,27.09
2002/5/30,26.879999
2002/5/31,26.48
2002/6/3,26.16
2002/6/4,25.34
2002/6/5,25.35
2002/6/6,25.25
2002/6/7,25.18
2002/6/10,24.559999
2002/6/11,24.790001
2002/6/12,24.219999
2002/6/13,23.809999
2002/6/14,23.1
2002/6/17,24.27
2002/6/18,24.299999
2002/6/19,23.879999
2002/6/20,23.299999
2002/6/21,23.530001
2002/6/24,22.75
2002/6/25,22.9
2002/6/26,23.15
2002/6/27,24.4
2002/6/28,25.43
2002/7/1,25.129999
2002/7/2,23.719999
2002/7/3,23.110001
2002/7/5,25.719999
2002/7/8,25.950001
2002/7/9,25.620001
2002/7/10,23.49
2002/7/11,23.16
2002/7/12,22.6
2002/7/15,21.549999
2002/7/16,21.1
2002/7/17,22.5
2002/7/18,22.879999
2002/7/19,21.389999
2002/7/22,19.66
2002/7/23,17.9
2002/7/24,18.620001
2002/7/25,19.639999
2002/7/26,19.299999
2002/7/29,21.9
2002/7/30,21.200001
2002/7/31,21.190001
2002/8/1,19.6
2002/8/2,19.15
2002/8/5,18
2002/8/6,18.879999
2002/8/7,19.24
2002/8/8,20.629999
2002/8/9,20.99
2002/8/12,20.74
2002/8/13,20.709999
2002/8/14,21.120001
2002/8/15,21.549999
2002/8/16,21.799999
2002/8/19,23.85
2002/8/20,22.65
2002/8/21,22.73
2002/8/22,23.059999
2002/8/23,22.950001
2002/8/26,22.799999
2002/8/27,23.16
2002/8/28,21.6
2002/8/29,21.360001
2002/8/30,21.93
2002/9/3,19.9
2002/9/4,20.51
2002/9/5,19.98
2002/9/6,20.77
2002/9/9,20.49
2002/9/10,20.74
2002/9/11,21.15
2002/9/12,19.620001
2002/9/13,19.299999
2002/9/16,18.65
2002/9/17,17.85
2002/9/18,16.99
2002/9/19,15.75
2002/9/20,14.89
2002/9/23,13.07
2002/9/24,13.99
2002/9/25,14.15
2002/9/26,15.12
2002/9/27,14.42
2002/9/30,14.04
2002/10/1,15.34
2002/10/2,15.33
2002/10/3,15.15
2002/10/4,14.37
2002/10/7,14.45
2002/10/8,14.67
2002/10/9,14.05
2002/10/10,14.79
2002/10/11,15.53
2002/10/14,15.53
2002/10/15,17.360001
2002/10/16,16.73
2002/10/17,17.07
2002/10/18,17.120001
2002/10/21,17.9
2002/10/22,17.52
2002/10/23,16.67
2002/10/24,16.299999
2002/10/25,16.700001
2002/10/28,17.299999
2002/10/29,16.76
2002/10/30,16.790001
2002/10/31,16.57
2002/11/1,16.34
2002/11/4,16.879999
2002/11/5,17.82
2002/11/6,17.65
2002/11/7,16.299999
2002/11/8,16.17
2002/11/11,15.55
2002/11/12,15.1
2002/11/13,15.34
2002/11/14,16.59
2002/11/15,16.959999
2002/11/18,17.15
2002/11/19,17.16
2002/11/20,17.450001
2002/11/21,18.84
2002/11/22,18.700001
2002/11/25,19.309999
2002/11/26,17.76
2002/11/27,18.41
2002/11/29,18.809999
2002/12/2,19.129999
2002/12/3,18.35
2002/12/4,18.200001
2002/12/5,17.6
2002/12/6,17.549999
2002/12/9,16.5
2002/12/10,17.469999
2002/12/11,17.57
2002/12/12,17.309999
2002/12/13,16.92
2002/12/16,17.959999
2002/12/17,17.780001
2002/12/18,17.25
2002/12/19,16.43
2002/12/20,17.040001
2002/12/23,16.77
2002/12/24,16.42
2002/12/26,16.639999
2002/12/27,16.08
2002/12/30,16.690001
2002/12/31,16.84
2003/1/2,17.700001
2003/1/3,17.4
2003/1/6,17.66
2003/1/7,16.709999
2003/1/8,16.58
2003/1/9,17.33
2003/1/10,17.67
2003/1/13,17.9
2003/1/14,18.139999
2003/1/15,18.129999
2003/1/16,18.219999
2003/1/17,17.440001
2003/1/21,16.48
2003/1/22,16.200001
2003/1/23,15.85
2003/1/24,15.72
2003/1/27,14.82
2003/1/28,15.12
2003/1/29,14.75
2003/1/30,14.99
2003/1/31,15.35
2003/2/3,15.75
2003/2/4,15.09
2003/2/5,15.18
2003/2/6,14.88
2003/2/7,14.58
2003/2/10,13.92
2003/2/11,14.41
2003/2/12,13.86
2003/2/13,14.35
2003/2/14,15.28
2003/2/18,15.68
2003/2/19,15.22
2003/2/20,15
2003/2/21,15.13
2003/2/24,13.81
2003/2/25,13.44
2003/2/26,12.54
2003/2/27,12.71
2003/2/28,13.43
2003/3/3,13.59
2003/3/4,12.69
2003/3/5,12.65
2003/3/6,11.53
2003/3/7,11.17
2003/3/10,10.07
2003/3/11,10.32
2003/3/12,9.96
2003/3/13,11.25
2003/3/14,12.21
2003/3/17,13.38
2003/3/18,12.54
2003/3/19,12.21
2003/3/20,12.37
2003/3/21,13.7
2003/3/24,12.37
2003/3/25,12.9
2003/3/26,12.61
2003/3/27,12.55
2003/3/28,12.23
2003/3/31,11.67
2003/4/1,11.9
2003/4/2,12.84
2003/4/3,12.91
2003/4/4,13.12
2003/4/7,13.99
2003/4/8,14.51
2003/4/9,13.69
2003/4/10,14.05
2003/4/11,14.4
2003/4/14,14.87
2003/4/15,15.4
2003/4/16,15
2003/4/17,15.75
2003/4/21,15.52
2003/4/22,16.389999
2003/4/23,16.6
2003/4/24,15.85
2003/4/25,15.44
2003/4/28,16.450001
2003/4/29,16.35
2003/4/30,16.32
2003/5/1,15.98
2003/5/2,16.07
2003/5/5,16.549999
2003/5/6,17.309999
2003/5/7,17.120001
2003/5/8,16.459999
2003/5/9,16.77
2003/5/12,16.879999
2003/5/13,16.639999
2003/5/14,16.690001
2003/5/15,16.530001
2003/5/16,16.940001
2003/5/19,15.63
2003/5/20,15.47
2003/5/21,14.96
2003/5/22,15.54
2003/5/23,15.24
2003/5/27,15.6
2003/5/28,15.83
2003/5/29,15.94
2003/5/30,16.32
2003/6/2,16.49
2003/6/3,16.58
2003/6/4,17.290001
2003/6/5,17.68
2003/6/6,17.690001
2003/6/9,17.309999
2003/6/10,17.27
2003/6/11,18.049999
2003/6/12,18.75
2003/6/13,18
2003/6/16,19
2003/6/17,18.860001
2003/6/18,18.92
2003/6/19,18.299999
2003/6/20,18.110001
2003/6/23,17.43
2003/6/24,17.360001
2003/6/25,17.52
2003/6/26,17.77
2003/6/27,17.450001
2003/6/30,17.530001
2003/7/1,17.379999
2003/7/2,17.73
2003/7/3,17.58
2003/7/7,18.16
2003/7/8,18.09
2003/7/9,17.93
2003/7/10,17.33
2003/7/11,17.879999
2003/7/14,18.290001
2003/7/15,18.48
2003/7/16,18.92
2003/7/17,18.190001
2003/7/18,19.07
2003/7/21,18.74
2003/7/22,18.76
2003/7/23,18.870001
2003/7/24,19.120001
2003/7/25,19.76
2003/7/28,19.77
2003/7/29,19.940001
2003/7/30,20
2003/7/31,20.110001
2003/8/1,20.030001
2003/8/4,20.07
2003/8/5,20.049999
2003/8/6,19.66
2003/8/7,19.48
2003/8/8,19.620001
2003/8/11,19.77
2003/8/12,20.1
2003/8/13,20.040001
2003/8/14,20.74
2003/8/15,20.9
2003/8/18,21.1
2003/8/19,20.74
2003/8/20,20.709999
2003/8/21,20.42
2003/8/22,19.860001
2003/8/25,19.74
2003/8/26,19.57
2003/8/27,19.690001
2003/8/28,19.709999
2003/8/29,19.73
2003/9/2,20.43
2003/9/3,20.6
2003/9/4,20.809999
2003/9/5,20.809999
2003/9/8,20.950001
2003/9/9,20.83
2003/9/10,20.190001
2003/9/11,20.379999
2003/9/12,20.559999
2003/9/15,20.35
2003/9/16,20.389999
2003/9/17,20.57
2003/9/18,21.139999
2003/9/19,20.860001
2003/9/22,20.4
2003/9/23,20.139999
2003/9/24,19.5
2003/9/25,19.120001
2003/9/26,18.690001
2003/9/29,18.92
2003/9/30,18.5
2003/10/1,19.209999
2003/10/2,19.57
2003/10/3,20.1
2003/10/6,20
2003/10/7,19.860001
2003/10/8,19.68
2003/10/9,19.73
2003/10/10,20.08
2003/10/13,20.200001
2003/10/14,20.48
2003/10/15,20.360001
2003/10/16,20.4
2003/10/17,20.389999
2003/10/20,20.74
2003/10/21,20.719999
2003/10/22,20.25
2003/10/23,20.190001
2003/10/24,19.83
2003/10/27,20.02
2003/10/28,20.34
2003/10/29,20.459999
2003/10/30,20.700001
2003/10/31,20.84
2003/11/3,21.15
2003/11/4,21.09
2003/11/5,21.08
2003/11/6,21.18
2003/11/7,21.75
2003/11/10,21.709999
2003/11/11,21.65
2003/11/12,22
2003/11/13,22.200001
2003/11/14,21.82
2003/11/17,21.34
2003/11/18,21
2003/11/19,21.209999
2003/11/20,20.870001
2003/11/21,20.959999
2003/11/24,21.190001
2003/11/25,21
2003/11/26,21.48
2003/11/28,21.559999
2003/12/1,21.610001
2003/12/2,21.65
2003/12/3,21.870001
2003/12/4,21.799999
2003/12/5,21.700001
2003/12/8,21.940001
2003/12/9,21.58
2003/12/10,21.469999
2003/12/11,21.700001
2003/12/12,21.889999
2003/12/15,21.68
2003/12/16,22.07
2003/12/17,21.75
2003/12/18,22.049999
2003/12/19,22.049999
2003/12/22,22.040001
2003/12/23,22.24
2003/12/24,22.32
2003/12/26,22.52
2003/12/29,22.620001
2003/12/30,23.120001
2003/12/31,23.41
2004/1/2,23.49
2004/1/5,23.92
2004/1/6,24.08
2004/1/7,23.85
2004/1/8,24.33
2004/1/9,24.309999
2004/1/12,24.139999
2004/1/13,23.9
2004/1/14,24.82
2004/1/15,25.43
2004/1/16,25.49
2004/1/20,25.700001
2004/1/21,26.209999
2004/1/22,26.51
2004/1/23,26.459999
2004/1/26,26.139999
2004/1/27,26.27
2004/1/28,25.799999
2004/1/29,25.27
2004/1/30,25.1
2004/2/2,25.43
2004/2/3,25.049999
2004/2/4,24.73
2004/2/5,25.110001
2004/2/6,25.98
2004/2/9,26.51
2004/2/10,26.469999
2004/2/11,26.92
2004/2/12,26.77
2004/2/13,26.35
2004/2/17,27.370001
2004/2/18,26.67
2004/2/19,26.110001
2004/2/20,25.67
2004/2/23,25.200001
2004/2/24,25.1
2004/2/25,24.85
2004/2/26,24.68
2004/2/27,24.59
2004/3/1,24.73
2004/3/2,24.290001
2004/3/3,24.08
2004/3/4,24.309999
2004/3/5,24.52
2004/3/8,24.379999
2004/3/9,24.09
2004/3/10,23.52
2004/3/11,22.84
2004/3/12,23.030001
2004/3/15,22.15
2004/3/16,22.49
2004/3/17,22.969999
2004/3/18,22.52
2004/3/19,21.74
2004/3/22,21.35
2004/3/23,21.15
2004/3/24,20.5
2004/3/25,21.68
2004/3/26,21.4
2004/3/29,22.110001
2004/3/30,21.950001
2004/3/31,22.049999
2004/4/1,22.52
2004/4/2,23.030001
2004/4/5,23.08
2004/4/6,22.860001
2004/4/7,22.790001
2004/4/8,22.469999
2004/4/12,22.52
2004/4/13,22.219999
2004/4/14,22.110001
2004/4/15,22.34
2004/4/16,22.75
2004/4/19,22.84
2004/4/20,22.34
2004/4/21,22.389999
2004/4/22,22.700001
2004/4/23,22.719999
2004/4/26,22.01
2004/4/27,22.129999
2004/4/28,21.43
2004/4/29,21.190001
2004/4/30,21.219999
2004/5/3,21.4
2004/5/4,21.84
2004/5/5,22.08
2004/5/6,21.6
2004/5/7,20.6
2004/5/10,20.280001
2004/5/11,20.450001
2004/5/12,20.280001
2004/5/13,20.93
2004/5/14,20.76
2004/5/17,20.83
2004/5/18,21
2004/5/19,21.4
2004/5/20,21.290001
2004/5/21,21.559999
2004/5/24,21.799999
2004/5/25,22
2004/5/26,22.049999
2004/5/27,22.700001
2004/5/28,22.67
2004/6/1,22.52
2004/6/2,22.68
2004/6/3,22.700001
2004/6/4,23.1
2004/6/7,23.77
2004/6/8,23.59
2004/6/9,22.84
2004/6/10,23.139999
2004/6/14,22.5
2004/6/15,22.809999
2004/6/16,22.809999
2004/6/17,22.92
2004/6/18,23.15
2004/6/21,23.17
2004/6/22,23.15
2004/6/23,23.219999
2004/6/24,23.34
2004/6/25,23.299999
2004/6/28,23.629999
2004/6/29,23.65
2004/6/30,23.700001
2004/7/1,23.52
2004/7/2,23.6
2004/7/6,23.16
2004/7/7,23.23
2004/7/8,23.23
2004/7/9,23.5
2004/7/12,23.360001
2004/7/13,23.129999
2004/7/14,22.940001
2004/7/15,22.65
2004/7/16,22.860001
2004/7/19,22.74
2004/7/20,22.66
2004/7/21,22.620001
2004/7/22,22.6
2004/7/23,22.129999
2004/7/26,22.1
2004/7/27,22.59
2004/7/28,23
2004/7/29,23.129999
2004/7/30,23.110001
2004/8/2,23.040001
2004/8/3,22.98
2004/8/4,23.209999
2004/8/5,23.34
2004/8/6,23.440001
2004/8/9,23.280001
2004/8/10,23.110001
2004/8/11,23.09
2004/8/12,22.940001
2004/8/13,23.25
2004/8/16,23.639999
2004/8/17,23.799999
2004/8/18,23.969999
2004/8/19,23.85
2004/8/20,24.01
2004/8/23,23.879999
2004/8/24,23.76
2004/8/25,24.07
2004/8/26,24.25
2004/8/27,24.34
2004/8/30,24.219999
2004/8/31,24.440001
2004/9/1,24.51
2004/9/2,24.709999
2004/9/3,24.620001
2004/9/7,24.75
2004/9/8,24.719999
2004/9/9,24.799999
2004/9/10,25.09
2004/9/13,25.35
2004/9/14,25.219999
2004/9/15,25.059999
2004/9/16,25.01
2004/9/17,25.629999
2004/9/20,25.58
2004/9/21,25.98
2004/9/22,25.16
2004/9/23,24.99
2004/9/24,24.790001
2004/9/27,24.74
2004/9/28,24.969999
2004/9/29,25.17
2004/9/30,25.280001
2004/10/1,25.780001
2004/10/4,26.18
2004/10/5,26.200001
2004/10/6,26.459999
2004/10/7,26.540001
2004/10/8,26.75
2004/10/11,26.620001
2004/10/12,26.24
2004/10/13,26.139999
2004/10/14,25.68
2004/10/15,26
2004/10/18,25.83
2004/10/19,25.85
2004/10/20,25.49
2004/10/21,25.33
2004/10/22,25.299999
2004/10/25,25.299999
2004/10/26,25.74
2004/10/27,26.309999
2004/10/28,26.620001
2004/10/29,26.629999
2004/11/1,26.700001
2004/11/2,26.6
2004/11/3,26.92
2004/11/4,27.110001
2004/11/5,26.969999
2004/11/8,26.73
2004/11/9,26.629999
2004/11/10,26.629999
2004/11/11,27.23
2004/11/12,27.379999
2004/11/15,27.219999
2004/11/16,26.639999
2004/11/17,27.030001
2004/11/18,26.950001
2004/11/19,26.780001
2004/11/22,27.030001
2004/11/23,27
2004/11/24,27.02
2004/11/26,27.51
2004/11/29,27.530001
2004/11/30,27.43
2004/12/1,28.040001
2004/12/2,28.15
2004/12/3,28.5
2004/12/6,28.73
2004/12/7,28.75
2004/12/8,28.84
2004/12/9,28.76
2004/12/10,28.6
2004/12/13,29.25
2004/12/14,29.290001
2004/12/15,29.48
2004/12/16,29.299999
2004/12/17,29.049999
2004/12/20,29.01
2004/12/21,29.370001
2004/12/22,29.639999
2004/12/23,29.950001
2004/12/27,30.129999
2004/12/28,30.32
2004/12/29,30.219999
2004/12/30,30.01
2004/12/31,30.25
2005/1/3,30.059999
2005/1/4,29.549999
2005/1/5,29.65
2005/1/6,29.790001
2005/1/7,29.450001
2005/1/10,29.51
2005/1/11,29.32
2005/1/12,29.5
2005/1/13,29.09
2005/1/14,28.969999
2005/1/18,28.91
2005/1/19,28.610001
2005/1/20,28.18
2005/1/21,28.200001
2005/1/24,28.610001
2005/1/25,28.67
2005/1/26,28.940001
2005/1/27,28.59
2005/1/28,28.709999
2005/1/31,28.860001
2005/2/1,29.08
2005/2/2,28.98
2005/2/3,28.82
2005/2/4,28.940001
2005/2/7,28.629999
2005/2/8,28.66
2005/2/9,28.57
2005/2/10,28.790001
2005/2/11,29.309999
2005/2/14,29.66
2005/2/15,29.719999
2005/2/16,29.67
2005/2/17,29.889999
2005/2/18,29.879999
2005/2/22,29.860001
2005/2/23,29.93
2005/2/24,30
2005/2/25,30.620001
2005/2/28,30.68
2005/3/1,31.09
2005/3/2,30.84
2005/3/3,30.99
2005/3/4,31.65
2005/3/7,31.639999
2005/3/8,31.629999
2005/3/9,31.48
2005/3/10,31.690001
2005/3/11,31.5
2005/3/14,31.469999
2005/3/15,31.27
2005/3/16,31.200001
2005/3/17,31
2005/3/18,31.1
2005/3/21,30.77
2005/3/22,30.27
2005/3/23,30.23
2005/3/24,30.23
2005/3/28,30.24
2005/3/29,30.059999
2005/3/30,30.459999
2005/3/31,30.23
2005/4/1,29.639999
2005/4/4,29.629999
2005/4/5,29.610001
2005/4/6,29.74
2005/4/7,30.059999
2005/4/8,30
2005/4/11,30.209999
2005/4/12,30.209999
2005/4/13,29.940001
2005/4/14,29.74
2005/4/15,29.360001
2005/4/18,28.780001
2005/4/19,28.6
2005/4/20,28.16
2005/4/21,28.68
2005/4/22,28.780001
2005/4/25,28.25
2005/4/26,27.950001
2005/4/27,27.51
2005/4/28,26.940001
2005/4/29,27.41
2005/5/2,27.49
2005/5/3,27.41
2005/5/4,27.83
2005/5/5,28
2005/5/6,27.67
2005/5/9,28.01
2005/5/10,27.6
2005/5/11,27.4
2005/5/12,27.5
2005/5/13,27.450001
2005/5/16,27.75
2005/5/17,27.860001
2005/5/18,28.370001
2005/5/19,28.43
2005/5/20,28.27
2005/5/23,28.110001
2005/5/24,28.120001
2005/5/25,28.24
2005/5/26,28.389999
2005/5/27,28.610001
2005/5/31,27.73
2005/6/1,27.889999
2005/6/2,28.280001
2005/6/3,27.73
2005/6/6,27.82
2005/6/7,28.01
2005/6/8,27.950001
2005/6/9,28.129999
2005/6/10,27.809999
2005/6/13,27.709999
2005/6/14,27.549999
2005/6/15,27.870001
2005/6/16,27.870001
2005/6/17,28.49
2005/6/20,28.09
2005/6/21,28.08
2005/6/22,28.200001
2005/6/23,27.709999
2005/6/24,27.709999
2005/6/27,27.799999
2005/6/28,27.950001
2005/6/29,27.99
2005/6/30,28.049999
2005/7/1,28.219999
2005/7/5,28.25
2005/7/6,28.219999
2005/7/7,28.02
2005/7/8,28.41
2005/7/11,28.83
2005/7/12,29.1
2005/7/13,28.879999
2005/7/14,29.02
2005/7/15,29.120001
2005/7/18,29.290001
2005/7/19,29.9
2005/7/20,30.17
2005/7/21,30.299999
2005/7/22,30.09
2005/7/25,29.85
2005/7/26,29.92
2005/7/27,30.24
2005/7/28,30.43
2005/7/29,30.24
2005/8/1,30.469999
2005/8/2,30.639999
2005/8/3,30.99
2005/8/4,30.629999
2005/8/5,30.299999
2005/8/8,30.1
2005/8/9,30.49
2005/8/10,30.82
2005/8/11,30.549999
2005/8/12,30.23
2005/8/15,30.120001
2005/8/16,29.309999
2005/8/17,29.030001
2005/8/18,28.860001
2005/8/19,28.969999
2005/8/22,29
2005/8/23,28.65
2005/8/24,28.74
2005/8/25,28.84
2005/8/26,28.549999
2005/8/29,28.549999
2005/8/30,28.48
2005/8/31,29.219999
2005/9/1,29.280001
2005/9/2,29.15
2005/9/6,29.74
2005/9/7,29.65
2005/9/8,29.58
2005/9/9,29.700001
2005/9/12,29.540001
2005/9/13,29.26
2005/9/14,29.34
2005/9/15,29.23
2005/9/16,29.549999
2005/9/19,29.209999
2005/9/20,29.219999
2005/9/21,29.200001
2005/9/22,28.860001
2005/9/23,28.700001
2005/9/26,29.219999
2005/9/27,29.190001
2005/9/28,29.549999
2005/9/29,29.93
2005/9/30,29.790001
2005/10/3,29.549999
2005/10/4,29.389999
2005/10/5,29.110001
2005/10/6,29.389999
2005/10/7,29.389999
2005/10/10,29.08
2005/10/11,28.84
2005/10/12,28.6
2005/10/13,28.52
2005/10/14,29.17
2005/10/17,28.790001
2005/10/18,28.4
2005/10/19,28.92
2005/10/20,28.219999
2005/10/21,28.16
2005/10/24,28.709999
2005/10/25,28.540001
2005/10/26,28.67
2005/10/27,28.620001
2005/10/28,28.709999
2005/10/31,28.860001
2005/11/1,28.959999
2005/11/2,29.5
2005/11/3,29.18
2005/11/4,29.24
2005/11/7,29.620001
2005/11/8,29.940001
2005/11/9,29.76
2005/11/10,30.860001
2005/11/11,31.549999
2005/11/14,31.67
2005/11/15,31.549999
2005/11/16,31.469999
2005/11/17,32.200001
2005/11/18,32.369999
2005/11/21,32.349998
2005/11/22,32.599998
2005/11/23,32.549999
2005/11/25,32.16
2005/11/28,32.459999
2005/11/29,32.650002
2005/11/30,32.34
2005/12/1,33.119999
2005/12/2,33.439999
2005/12/5,33.700001
2005/12/6,33.880001
2005/12/7,33.610001
2005/12/8,33.709999
2005/12/9,33.939999
2005/12/12,34.59
2005/12/13,34.75
2005/12/14,34.360001
2005/12/15,34.310001
2005/12/16,34.740002
2005/12/19,34.810001
2005/12/20,35.029999
2005/12/21,34.990002
2005/12/22,35.400002
2005/12/23,35.240002
2005/12/27,35.040001
2005/12/28,35.130001
2005/12/29,35.23
2005/12/30,34.82
2006/1/3,35.900002
2006/1/4,36.599998
2006/1/5,35.869999
2006/1/6,36.610001
2006/1/9,36.57
2006/1/10,35.73
2006/1/11,36.07
2006/1/12,35.779999
2006/1/13,35.400002
2006/1/17,34.709999
2006/1/18,33.950001
2006/1/19,34.290001
2006/1/20,33.610001
2006/1/23,34.09
2006/1/24,34.23
2006/1/25,35.060001
2006/1/26,35.639999
2006/1/27,35.84
2006/1/30,35.669998
2006/1/31,35.75
2006/2/1,35.939999
2006/2/2,35.639999
2006/2/3,35.68
2006/2/6,35.68
2006/2/7,35.57
2006/2/8,35.869999
2006/2/9,36.16
2006/2/10,36.43
2006/2/13,36.470001
2006/2/14,36.880001
2006/2/15,36.73
2006/2/16,36.689999
2006/2/17,37.200001
2006/2/21,37.110001
2006/2/22,37.700001
2006/2/23,37.610001
2006/2/24,37.529999
2006/2/27,37.959999
2006/2/28,37.59
2006/3/1,37.439999
2006/3/2,37.360001
2006/3/3,37.099998
2006/3/6,37.060001
2006/3/7,36.849998
2006/3/8,36.639999
2006/3/9,36.41
2006/3/10,37.02
2006/3/13,37.470001
2006/3/14,38.290001
2006/3/15,38.689999
2006/3/16,38.950001
2006/3/17,39.169998
2006/3/20,39.509998
2006/3/21,39.169998
2006/3/22,39.560001
2006/3/23,39.139999
2006/3/24,39.150002
2006/3/27,38.75
2006/3/28,38.470001
2006/3/29,39.130001
2006/3/30,39.709999
2006/3/31,39.400002
2006/4/3,39.349998
2006/4/4,39.549999
2006/4/5,39.470001
2006/4/6,39.189999
2006/4/7,38.299999
2006/4/10,38.299999
2006/4/11,37.759998
2006/4/12,38.02
2006/4/13,37.970001
2006/4/17,38.200001
2006/4/18,38.880001
2006/4/19,39.77
2006/4/20,39.900002
2006/4/21,40.189999
2006/4/24,39.810001
2006/4/25,39.849998
2006/4/26,40.419998
2006/4/27,40.73
2006/4/28,40.580002
2006/5/1,40.470001
2006/5/2,40.82
2006/5/3,40.200001
2006/5/4,40.91
2006/5/5,41.950001
2006/5/8,42.279999
2006/5/9,42.540001
2006/5/10,42.59
2006/5/11,42.23
2006/5/12,41.16
2006/5/15,40.57
2006/5/16,40.919998
2006/5/17,38.799999
2006/5/18,39.310001
2006/5/19,40
2006/5/22,39.009998
2006/5/23,39.650002
2006/5/24,38.75
2006/5/25,39.689999
2006/5/26,39.52
2006/5/30,38.389999
2006/5/31,39.209999
2006/6/1,39.369999
2006/6/2,39.48
2006/6/5,38.25
2006/6/6,37.720001
2006/6/7,37.529999
2006/6/8,36.740002
2006/6/9,36.75
2006/6/12,36.040001
2006/6/13,34.740002
2006/6/14,35.57
2006/6/15,37.189999
2006/6/16,37.040001
2006/6/19,36.919998
2006/6/20,37.630001
2006/6/21,38.060001
2006/6/22,37.66
2006/6/23,37.25
2006/6/26,37.759998
2006/6/27,36.700001
2006/6/28,37.049999
2006/6/29,38.610001
2006/6/30,39.32
2006/7/3,39.650002
2006/7/5,38.900002
2006/7/6,39.299999
2006/7/7,39.16
2006/7/10,39.200001
2006/7/11,39.599998
2006/7/12,39.060001
2006/7/13,38.34
2006/7/14,37.75
2006/7/17,37.220001
2006/7/18,37.27
2006/7/19,38.310001
2006/7/20,38.16
2006/7/21,38.200001
2006/7/24,39.169998
2006/7/25,39
2006/7/26,39.220001
2006/7/27,39.610001
2006/7/28,40.689999
2006/7/31,40.5
2006/8/1,40.41
2006/8/2,40.889999
2006/8/3,40.970001
2006/8/4,41.57
2006/8/7,41.32
2006/8/8,40.91
2006/8/9,41.32
2006/8/10,41.52
2006/8/11,40.57
2006/8/14,40.830002
2006/8/15,42.32
2006/8/16,42.830002
2006/8/17,42.75
2006/8/18,42.57
2006/8/21,42.470001
2006/8/22,42.209999
2006/8/23,41.82
2006/8/24,42.279999
2006/8/25,42.59
2006/8/28,42.959999
2006/8/29,43.080002
2006/8/30,43.470001
2006/8/31,43.43
2006/9/1,44
2006/9/5,44.040001
2006/9/6,43.02
2006/9/7,42.52
2006/9/8,42.07
2006/9/11,42.080002
2006/9/12,42.880001
2006/9/13,43.07
2006/9/14,43.200001
2006/9/15,43.540001
2006/9/18,43.5
2006/9/19,42.790001
2006/9/20,43.970001
2006/9/21,43.860001
2006/9/22,43.650002
2006/9/25,43.939999
2006/9/26,44.369999
2006/9/27,44.09
2006/9/28,43.91
2006/9/29,43.98
2006/10/2,44.029999
2006/10/3,44.189999
2006/10/4,44.73
2006/10/5,44.709999
2006/10/6,44.18
2006/10/9,44.240002
2006/10/10,44.470001
2006/10/11,44.419998
2006/10/12,45.07
2006/10/13,44.990002
2006/10/16,45.169998
2006/10/17,44.380001
2006/10/18,45.029999
2006/10/19,45.349998
2006/10/20,45.18
2006/10/23,45.220001
2006/10/24,45.220001
2006/10/25,44.73
2006/10/26,44.700001
2006/10/27,44.029999
2006/10/30,44.060001
2006/10/31,44.330002
2006/11/1,44.029999
2006/11/2,43.790001
2006/11/3,43.830002
2006/11/6,44.82
2006/11/7,45.259998
2006/11/8,45.259998
2006/11/9,42.959999
2006/11/10,43.349998
2006/11/13,43.389999
2006/11/14,43.900002
2006/11/15,43.68
2006/11/16,43.740002
2006/11/17,43.59
2006/11/20,43.130001
2006/11/21,43.16
2006/11/22,43.099998
2006/11/24,42.610001
2006/11/27,42.049999
2006/11/28,42.669998
2006/11/29,42.700001
2006/11/30,42.790001
2006/12/1,42.099998
2006/12/4,42.110001
2006/12/5,42.630001
2006/12/6,42
2006/12/7,41.900002
2006/12/8,41.740002
2006/12/11,42.650002
2006/12/12,42.990002
2006/12/13,43.849998
2006/12/14,44.650002
2006/12/15,44.049999
2006/12/18,43.740002
2006/12/19,44.189999
2006/12/20,44.200001
2006/12/21,44.450001
2006/12/22,43.77
2006/12/26,44.189999
2006/12/27,44.740002
2006/12/28,44.59
2006/12/29,44.169998
2007/1/3,44.650002
2007/1/4,44.59
2007/1/5,43.84
2007/1/8,43.779999
2007/1/9,43.950001
2007/1/10,43.150002
2007/1/11,43.369999
2007/1/12,43.709999
2007/1/16,43.91
2007/1/17,43.720001
2007/1/18,43.650002
2007/1/19,44.189999
2007/1/22,43.689999
2007/1/23,44.259998
2007/1/24,44.619999
2007/1/25,43.360001
2007/1/26,43.459999
2007/1/29,43.34
2007/1/30,43.810001
2007/1/31,44.060001
2007/2/1,44.41
2007/2/2,44.790001
2007/2/5,44.27
2007/2/6,44.91
2007/2/7,45.080002
2007/2/8,45.169998
2007/2/9,44.849998
2007/2/12,44.41
2007/2/13,45.23
2007/2/14,45.779999
2007/2/15,45.259998
2007/2/16,44.759998
2007/2/20,44.990002
2007/2/21,44.27
2007/2/22,44.389999
2007/2/23,44.09
2007/2/26,44.200001
2007/2/27,42.650002
2007/2/28,42.73
2007/3/1,42.119999
2007/3/2,40.990002
2007/3/5,40.52
2007/3/6,41.610001
2007/3/7,41.48
2007/3/8,41.700001
2007/3/9,41.939999
2007/3/12,41.599998
2007/3/13,40.32
2007/3/14,40.200001
2007/3/15,40.040001
2007/3/16,40.040001
2007/3/19,40.889999
2007/3/20,41.639999
2007/3/21,42.700001
2007/3/22,42.860001
2007/3/23,43.110001
2007/3/26,42.380001
2007/3/27,41.939999
2007/3/28,41.560001
2007/3/29,41.950001
2007/3/30,42.330002
2007/4/2,42.43
2007/4/3,42.880001
2007/4/4,43.099998
2007/4/5,43.32
2007/4/9,43.209999
2007/4/10,43.73
2007/4/11,43.290001
2007/4/12,43.540001
2007/4/13,44.57
2007/4/16,45.619999
2007/4/17,45.610001
2007/4/18,46.139999
2007/4/19,45.619999
2007/4/20,46.450001
2007/4/23,46.59
2007/4/24,47.02
2007/4/25,47.18
2007/4/26,46.029999
2007/4/27,45.68
2007/4/30,45.610001
2007/5/1,45.619999
2007/5/2,45.939999
2007/5/3,45.869999
2007/5/4,46.060001
2007/5/7,46.259998
2007/5/8,45.619999
2007/5/9,45.48
2007/5/10,44.470001
2007/5/11,45.169998
2007/5/14,44.639999
2007/5/15,45.099998
2007/5/16,44.610001
2007/5/17,44.93
2007/5/18,45
2007/5/21,44.950001
2007/5/22,45.150002
2007/5/23,44.599998
2007/5/24,43.790001
2007/5/25,44.400002
2007/5/29,44.220001
2007/5/30,44.299999
2007/5/31,44.439999
2007/6/1,44.43
2007/6/4,44.970001
2007/6/5,44.799999
2007/6/6,44.450001
2007/6/7,43.459999
2007/6/8,43.790001
2007/6/11,43.369999
2007/6/12,42.540001
2007/6/13,43
2007/6/14,43.459999
2007/6/15,44.18
2007/6/18,44.700001
2007/6/19,44.950001
2007/6/20,44.580002
2007/6/21,44.959999
2007/6/22,44.52
2007/6/25,44.169998
2007/6/26,44.060001
2007/6/27,44.240002
2007/6/28,43.77
2007/6/29,43.970001
2007/7/2,44.57
2007/7/3,44.939999
2007/7/5,44.610001
2007/7/6,44.810001
2007/7/9,44.689999
2007/7/10,43.950001
2007/7/11,44.380001
2007/7/12,45.32
2007/7/13,45.369999
2007/7/16,45.52
2007/7/17,45.669998
2007/7/18,45.540001
2007/7/19,45.369999
2007/7/20,44.849998
2007/7/23,44.950001
2007/7/24,44.02
2007/7/25,43.619999
2007/7/26,42.419998
2007/7/27,41.73
2007/7/30,42.369999
2007/7/31,42.18
2007/8/1,42.029999
2007/8/2,42.139999
2007/8/3,40.689999
2007/8/6,41.98
2007/8/7,41.830002
2007/8/8,44.310001
2007/8/9,41.73
2007/8/10,41.48
2007/8/13,41.080002
2007/8/14,40.02
2007/8/15,38.490002
2007/8/16,39.029999
2007/8/17,39.91
2007/8/20,39.740002
2007/8/21,39.470001
2007/8/22,40.25
2007/8/23,40.279999
2007/8/24,40.959999
2007/8/27,40.450001
2007/8/28,39.080002
2007/8/29,40.119999
2007/8/30,39.560001
2007/8/31,40.189999
2007/9/4,41.060001
2007/9/5,40.540001
2007/9/6,40.830002
2007/9/7,40.669998
2007/9/10,40.419998
2007/9/11,40.939999
2007/9/12,41.09
2007/9/13,41.75
2007/9/14,41.700001
2007/9/17,41.349998
2007/9/18,42.790001
2007/9/19,43.09
2007/9/20,43.369999
2007/9/21,43.73
2007/9/24,42.970001
2007/9/25,43.41
2007/9/26,43.599998
2007/9/27,44.040001
2007/9/28,44.310001
2007/10/1,45.209999
2007/10/2,44.919998
2007/10/3,44.950001
2007/10/4,45.259998
2007/10/5,45.360001
2007/10/8,45.09
2007/10/9,45.939999
2007/10/10,45.779999
2007/10/11,45.529999
2007/10/12,45.990002
2007/10/15,45.419998
2007/10/16,45.009998
2007/10/17,45.299999
2007/10/18,45.110001
2007/10/19,44.59
2007/10/22,44.299999
2007/10/23,44.73
2007/10/24,44.48
2007/10/25,43.93
2007/10/26,43.939999
2007/10/29,44.02
2007/10/30,43.75
2007/10/31,44.990002
2007/11/1,43.490002
2007/11/2,43.540001
2007/11/5,42.810001
2007/11/6,42.599998
2007/11/7,41.860001
2007/11/8,41.490002
2007/11/9,39.810001
2007/11/12,38.740002
2007/11/13,39.919998
2007/11/14,39.869999
2007/11/15,38.880001
2007/11/16,38.509998
2007/11/19,37.02
2007/11/20,37.16
2007/11/21,36.41
2007/11/23,37.419998
2007/11/26,36.459999
2007/11/27,37.939999
2007/11/28,38.919998
2007/11/29,38.580002
2007/11/30,38.779999
2007/12/3,38.41
2007/12/4,38.25
2007/12/5,38.75
2007/12/6,39.68
2007/12/7,39.619999
2007/12/10,40.349998
2007/12/11,39.130001
2007/12/12,39.700001
2007/12/13,39.380001
2007/12/14,38.560001
2007/12/17,37.599998
2007/12/18,38.110001
2007/12/19,37.400002
2007/12/20,37.529999
2007/12/21,38.23
2007/12/24,38.790001
2007/12/26,38.869999
2007/12/27,38.900002
2007/12/28,39.279999
2007/12/31,38.91
2008/1/2,38.25
2008/1/3,38.23
2008/1/4,37.419998
2008/1/7,37.869999
2008/1/8,36.919998
2008/1/9,37.599998
2008/1/10,38.240002
2008/1/11,38.080002
2008/1/14,39.169998
2008/1/15,37.75
2008/1/16,37.220001
2008/1/17,35.779999
2008/1/18,34.119999
2008/1/22,32.330002
2008/1/23,32.060001
2008/1/24,34.040001
2008/1/25,31.33
2008/1/28,32.959999
2008/1/29,33.080002
2008/1/30,33.169998
2008/1/31,32.580002
2008/2/1,33.689999
2008/2/4,32.93
2008/2/5,30.879999
2008/2/6,30.92
2008/2/7,30.85
2008/2/8,29.879999
2008/2/11,29.280001
2008/2/12,30.32
2008/2/13,30.59
2008/2/14,29.83
2008/2/15,30.030001
2008/2/19,32
2008/2/20,32.709999
2008/2/21,33.41
2008/2/22,33.91
2008/2/25,34.939999
2008/2/26,36.110001
2008/2/27,35.599998
2008/2/28,34.509998
2008/2/29,33.310001
2008/3/3,33.200001
2008/3/4,33.130001
2008/3/5,33.439999
2008/3/6,32.099998
2008/3/7,31.9
2008/3/10,31.690001
2008/3/11,33.450001
2008/3/12,34.110001
2008/3/13,33.75
2008/3/14,33.080002
2008/3/17,32.540001
2008/3/18,34.040001
2008/3/19,33.490002
2008/3/20,35.330002
2008/3/24,35.889999
2008/3/25,36.82
2008/3/26,36.470001
2008/3/27,36.57
2008/3/28,36.860001
2008/3/31,37.369999
2008/4/1,39.360001
2008/4/2,39.77
2008/4/3,39.259998
2008/4/4,40.150002
2008/4/7,40.220001
2008/4/8,40.259998
2008/4/9,39.259998
2008/4/10,38.689999
2008/4/11,38.23
2008/4/14,38.09
2008/4/15,38.27
2008/4/16,39.490002
2008/4/17,39.5
2008/4/18,40.400002
2008/4/21,38.91
2008/4/22,38.049999
2008/4/23,37.560001
2008/4/24,37.630001
2008/4/25,37.779999
2008/4/28,38.279999
2008/4/29,37.549999
2008/4/30,37.990002
2008/5/1,38.77
2008/5/2,38.619999
2008/5/5,38.82
2008/5/6,38.84
2008/5/7,38.09
2008/5/8,38.02
2008/5/9,37.619999
2008/5/12,38.470001
2008/5/13,37.919998
2008/5/14,39.189999
2008/5/15,40.139999
2008/5/16,39.810001
2008/5/19,39.669998
2008/5/20,39.490002
2008/5/21,38.560001
2008/5/22,38.509998
2008/5/23,38.119999
2008/5/27,37.669998
2008/5/28,38.259998
2008/5/29,37.740002
2008/5/30,38.220001
2008/6/2,37.400002
2008/6/3,36.880001
2008/6/4,36.93
2008/6/5,38.07
2008/6/6,35.810001
2008/6/9,35.619999
2008/6/10,35.080002
2008/6/11,34.18
2008/6/12,34.779999
2008/6/13,35.32
2008/6/16,35.52
2008/6/17,35.560001
2008/6/18,34.790001
2008/6/19,34.330002
2008/6/20,33.32
2008/6/23,32.73
2008/6/24,33.73
2008/6/25,33.799999
2008/6/26,32.07
2008/6/27,31.889999
2008/6/30,31.549999
2008/7/1,31.16
2008/7/2,31.33
2008/7/3,32.009998
2008/7/7,31.219999
2008/7/8,31.780001
2008/7/9,31.450001
2008/7/10,31.82
2008/7/11,30.74
2008/7/14,30.17
2008/7/15,29.49
2008/7/16,30.950001
2008/7/17,31.780001
2008/7/18,32.810001
2008/7/21,33.779999
2008/7/22,34.349998
2008/7/23,34.709999
2008/7/24,33.529999
2008/7/25,32.700001
2008/7/28,31.629999
2008/7/29,32.650002
2008/7/30,32.849998
2008/7/31,32.669998
2008/8/1,32.860001
2008/8/4,33.099998
2008/8/5,34.630001
2008/8/6,34.709999
2008/8/7,33.84
2008/8/8,33.779999
2008/8/11,33.830002
2008/8/12,34.09
2008/8/13,33.880001
2008/8/14,32.299999
2008/8/15,32.509998
2008/8/18,31.860001
2008/8/19,30.620001
2008/8/20,30.860001
2008/8/21,30.360001
2008/8/22,31.34
2008/8/25,30.58
2008/8/26,30.290001
2008/8/27,30.809999
2008/8/28,31.700001
2008/8/29,31.15
2008/9/2,31.83
2008/9/3,31.5
2008/9/4,29.66
2008/9/5,30.15
2008/9/8,31.08
2008/9/9,29.959999
2008/9/10,30.389999
2008/9/11,29.860001
2008/9/12,30.51
2008/9/15,27.84
2008/9/16,26.43
2008/9/17,23.969999
2008/9/18,26.290001
2008/9/19,30
2008/9/22,28.25
2008/9/23,26.84
2008/9/24,26.32
2008/9/25,27.700001
2008/9/26,25.85
2008/9/29,20.5
2008/9/30,21.4
2008/10/1,23.1
2008/10/2,22.23
2008/10/3,24.700001
2008/10/6,20.799999
2008/10/7,18.6
2008/10/8,17.24
2008/10/9,15.02
2008/10/10,15.5
2008/10/13,17.84
2008/10/14,19
2008/10/15,15.18
2008/10/16,14.7
2008/10/17,10.65
2008/10/20,12.89
2008/10/21,11.93
2008/10/22,11.16
2008/10/23,10.28
2008/10/24,8.9
2008/10/27,8.22
2008/10/28,7.81
2008/10/29,8.04
2008/10/30,9.26
2008/10/31,9.31
2008/11/3,9.9
2008/11/4,11.53
2008/11/5,10.9
2008/11/6,9.97
2008/11/7,11.07
2008/11/10,10.7
2008/11/11,10.18
2008/11/12,9.41
2008/11/13,10.31
2008/11/14,9.53
2008/11/17,9.17
2008/11/18,8.95
2008/11/19,7.53
2008/11/20,6.78
2008/11/21,6.89
2008/11/24,8.1
2008/11/25,8.04
2008/11/26,7.94
2008/11/28,8.38
2008/12/1,7.09
2008/12/2,7.85
2008/12/3,7.64
2008/12/4,8.05
2008/12/5,7.92
2008/12/8,8.8
2008/12/9,9.08
2008/12/10,9.51
2008/12/11,9.3
2008/12/12,9.69
2008/12/15,9.54
2008/12/16,10.11
2008/12/17,10.11
2008/12/18,9.84
2008/12/19,9.5
2008/12/22,10.05
2008/12/23,9.76
2008/12/24,9.92
2008/12/26,10.01
2008/12/29,10.04
2008/12/30,10.86
2008/12/31,11.1
2009/1/2,10.61
2009/1/5,10.25
2009/1/6,10.94
2009/1/7,11.02
2009/1/8,11
2009/1/9,11.36
2009/1/12,11.23
2009/1/13,10.74
2009/1/14,9.58
2009/1/15,9.09
2009/1/16,9.33
2009/1/20,6.85
2009/1/21,7.23
2009/1/22,7.25
2009/1/23,7.04
2009/1/26,8.48
2009/1/27,8.27
2009/1/28,9.04
2009/1/29,8.01
2009/1/30,8.33
2009/2/2,7.95
2009/2/3,8.45
2009/2/4,8.29
2009/2/5,8.22
2009/2/6,8.59
2009/2/9,8.8
2009/2/10,8.01
2009/2/11,8.03
2009/2/12,7.75
2009/2/13,7.59
2009/2/17,6.73
2009/2/18,6.14
2009/2/19,5.89
2009/2/20,5.2
2009/2/23,4.48
2009/2/24,4.86
2009/2/25,4.44
2009/2/26,5.03
2009/2/27,4.51
2009/3/2,4.15
2009/3/3,3.83
2009/3/4,3.98
2009/3/5,3.03
2009/3/6,3.16
2009/3/9,3.1
2009/3/10,3.81
2009/3/11,3.56
2009/3/12,4.13
2009/3/13,4.23
2009/3/16,4.25
2009/3/17,4.55
2009/3/18,5.03
2009/3/19,5.28
2009/3/20,5.73
2009/3/23,7.13
2009/3/24,6
2009/3/25,6.57
2009/3/26,6.63
2009/3/27,6.18
2009/3/30,5.4
2009/3/31,5.44
2009/4/1,5.94
2009/4/2,6.7
2009/4/3,7.37
2009/4/6,7.16
2009/4/7,6.6
2009/4/8,6.92
2009/4/9,8.19
2009/4/13,8.82
2009/4/14,8.4
2009/4/15,9.08
2009/4/16,8.7
2009/4/17,8.72
2009/4/20,7.79
2009/4/21,7.95
2009/4/22,7.84
2009/4/23,8.22
2009/4/24,8.22
2009/4/27,7.87
2009/4/28,7.74
2009/4/29,8.62
2009/4/30,9.06
2009/5/1,9.14
2009/5/4,10.14
2009/5/5,10.34
2009/5/6,10.75
2009/5/7,10.26
2009/5/8,11.47
2009/5/11,11.17
2009/5/12,10.62
2009/5/13,9.65
2009/5/14,9.73
2009/5/15,9.75
2009/5/18,10.68
2009/5/19,10.67
2009/5/20,10.89
2009/5/21,10.96
2009/5/22,11.34
2009/5/26,11.5
2009/5/27,10.85
2009/5/28,10.74
2009/5/29,10.62
2009/6/1,10.74
2009/6/2,10.95
2009/6/3,10.73
2009/6/4,10.77
2009/6/5,10.96
2009/6/8,10.89
2009/6/9,11
2009/6/10,11.05
2009/6/11,11.03
2009/6/12,11.05
2009/6/15,10.37
2009/6/16,9.76
2009/6/17,9.39
2009/6/18,10.03
2009/6/19,10.25
2009/6/22,9.63
2009/6/23,9.71
2009/6/24,9.99
2009/6/25,10.18
2009/6/26,10.16
2009/6/29,10.17
2009/6/30,10.14
2009/7/1,10.24
2009/7/2,9.85
2009/7/6,9.46
2009/7/7,9.29
2009/7/8,9.08
2009/7/9,9.33
2009/7/10,9.05
2009/7/13,9.4
2009/7/14,9.69
2009/7/15,10.43
2009/7/16,11.04
2009/7/17,11.04
2009/7/20,11.49
2009/7/21,11.31
2009/7/22,11.29
2009/7/23,11.82
2009/7/24,12.07
2009/7/27,12.44
2009/7/28,11.9
2009/7/29,12.1
2009/7/30,12.45
2009/7/31,12.94
2009/8/3,13.43
2009/8/4,13.2
2009/8/5,13.37
2009/8/6,13.06
2009/8/7,13.06
2009/8/10,13.07
2009/8/11,12.76
2009/8/12,13.3
2009/8/13,14.3
2009/8/14,13.78
2009/8/17,12.68
2009/8/18,13.2
2009/8/19,12.99
2009/8/20,12.86
2009/8/21,13.79
2009/8/24,14.14
2009/8/25,14.69
2009/8/26,14.95
2009/8/27,15.08
2009/8/28,15.36
2009/8/31,15.07
2009/9/1,14.12
2009/9/2,13.75
2009/9/3,14.46
2009/9/4,15.29
2009/9/8,16.02
2009/9/9,16.15
2009/9/10,16.74
2009/9/11,16.42
2009/9/14,16.030001
2009/9/15,15.71
2009/9/16,16.66
2009/9/17,16.629999
2009/9/18,16.85
2009/9/21,16.620001
2009/9/22,17
2009/9/23,16.75
2009/9/24,16.309999
2009/9/25,16.5
2009/9/28,17.049999
2009/9/29,17.129999
2009/9/30,17.83
2009/10/1,16.58
2009/10/2,15.88
2009/10/5,16.379999
2009/10/6,17
2009/10/7,17.27
2009/10/8,18.26
2009/10/9,18.32
2009/10/12,18.360001
2009/10/13,18.18
2009/10/14,18.73
2009/10/15,18.85
2009/10/16,17.98
2009/10/19,18.360001
2009/10/20,18.030001
2009/10/21,17.51
2009/10/22,17.48
2009/10/23,17.370001
2009/10/26,14.1
2009/10/27,12.96
2009/10/28,12.45
2009/10/29,13.71
2009/10/30,12.9
2009/11/2,12.91
2009/11/3,13.1
2009/11/4,13.35
2009/11/5,14.42
2009/11/6,14.07
2009/11/9,14.98
2009/11/10,14.5
2009/11/11,15.29
2009/11/12,14.73
2009/11/13,14.88
2009/11/16,14.81
2009/11/17,14.57
2009/11/18,14.42
2009/11/19,14.35
2009/11/20,13.78
2009/11/23,14.26
2009/11/24,12.52
2009/11/25,12.28
2009/11/27,9.84
2009/11/30,9.5
2009/12/1,9.9
2009/12/2,9.56
2009/12/3,9.42
2009/12/4,9.49
2009/12/7,9.2
2009/12/8,8.75
2009/12/9,8.35
2009/12/10,8.9
2009/12/11,9.08
2009/12/14,9.48
2009/12/15,9.44
2009/12/16,10.05
2009/12/17,9.86
2009/12/18,9.72
2009/12/21,9.95
2009/12/22,9.84
2009/12/23,9.87
2009/12/24,9.87
2009/12/28,10.12
2009/12/29,10.15
2009/12/30,9.99
2009/12/31,9.81
2010/1/4,10.45
2010/1/5,10.72
2010/1/6,10.65
2010/1/7,10.96
2010/1/8,11.24
2010/1/11,11.07
2010/1/12,10.75
2010/1/13,10.97
2010/1/14,11.01
2010/1/15,10.64
2010/1/19,10.73
2010/1/20,10.07
2010/1/21,9.59
2010/1/22,9.39
2010/1/25,9.74
2010/1/26,9.47
2010/1/27,9.6
2010/1/28,9.36
2010/1/29,9.4
2010/2/1,9.8
2010/2/2,10.18
2010/2/3,10.12
2010/2/4,9.11
2010/2/5,8.72
2010/2/8,8.24
2010/2/9,8.8
2010/2/10,9
2010/2/11,8.84
2010/2/12,8.74
2010/2/16,8.96
2010/2/17,9.3
2010/2/18,9.43
2010/2/19,9.34
2010/2/22,9.39
2010/2/23,8.92
2010/2/24,9.16
2010/2/25,8.82
2010/2/26,8.93
2010/3/1,9.36
2010/3/2,9.37
2010/3/3,9.61
2010/3/4,9.7
2010/3/5,10.12
2010/3/8,9.98
2010/3/9,9.95
2010/3/10,9.97
2010/3/11,10.09
2010/3/12,10.01
2010/3/15,9.86
2010/3/16,10.03
2010/3/17,10.25
2010/3/18,10.07
2010/3/19,9.81
2010/3/22,9.7
2010/3/23,9.93
2010/3/24,9.65
2010/3/25,9.76
2010/3/26,9.87
2010/3/29,10.01
2010/3/30,9.89
2010/3/31,9.96
2010/4/1,10.5
2010/4/5,10.53
2010/4/6,10.61
2010/4/7,10.2
2010/4/8,10.1
2010/4/9,10.25
2010/4/12,10.26
2010/4/13,10.39
2010/4/14,10.67
2010/4/15,10.6
2010/4/16,10.1
2010/4/19,10.03
2010/4/20,10.27
2010/4/21,9.96
2010/4/22,9.88
2010/4/23,9.75
2010/4/26,9.78
2010/4/27,9.09
2010/4/28,8.87
2010/4/29,9
2010/4/30,8.87
2010/5/3,9.15
2010/5/4,8.38
2010/5/5,8.16
2010/5/6,7.31
2010/5/7,7.05
2010/5/10,8.84
2010/5/11,8.52
2010/5/12,8.9
2010/5/13,8.79
2010/5/14,8.42
2010/5/17,8.41
2010/5/18,8.12
2010/5/19,8.28
2010/5/20,7.75
2010/5/21,8.21
2010/5/24,7.74
2010/5/25,7.63
2010/5/26,7.42
2010/5/27,8.15
2010/5/28,7.92
2010/6/1,7.68
2010/6/2,7.97
2010/6/3,7.99
2010/6/4,7.42
2010/6/7,7.17
2010/6/8,7.25
2010/6/9,7.18
2010/6/10,7.77
2010/6/11,7.82
2010/6/14,7.97
2010/6/15,8.44
2010/6/16,8.46
2010/6/17,8.57
2010/6/18,8.5
2010/6/21,8.49
2010/6/22,8.27
2010/6/23,8.38
2010/6/24,8.12
2010/6/25,8.06
2010/6/28,8.06
2010/6/29,7.51
2010/6/30,7.41
2010/7/1,7.64
2010/7/2,7.62
2010/7/6,7.92
2010/7/7,8.42
2010/7/8,8.73
2010/7/9,8.79
2010/7/12,8.7
2010/7/13,8.95
2010/7/14,8.94
2010/7/15,8.92
2010/7/16,8.36
2010/7/19,8.56
2010/7/20,8.5
2010/7/21,8.38
2010/7/22,8.99
2010/7/23,9.05
2010/7/26,9.45
2010/7/27,9.8
2010/7/28,9.73
2010/7/29,10.02
2010/7/30,9.62
2010/8/2,10.34
2010/8/3,10.19
2010/8/4,10.15
2010/8/5,10.26
2010/8/6,10.19
2010/8/9,10.27
2010/8/10,10.01
2010/8/11,9.48
2010/8/12,9.31
2010/8/13,9.25
2010/8/16,9.27
2010/8/17,9.44
2010/8/18,9.47
2010/8/19,9.11
2010/8/20,8.96
2010/8/23,8.92
2010/8/24,8.69
2010/8/25,8.64
2010/8/26,8.66
2010/8/27,8.99
2010/8/30,8.7
2010/8/31,8.88
2010/9/1,9.44
2010/9/2,9.6
2010/9/3,9.78
2010/9/7,9.37
2010/9/8,9.45
2010/9/9,9.68
2010/9/10,9.75
2010/9/13,10.06
2010/9/14,10.1
2010/9/15,10.28
2010/9/16,10.15
2010/9/17,10.04
2010/9/20,10.25
2010/9/21,10.29
2010/9/22,10.23
2010/9/23,9.96
2010/9/24,10.56
2010/9/27,10.47
2010/9/28,10.6
2010/9/29,10.49
2010/9/30,10.29
2010/10/1,10.53
2010/10/4,10.16
2010/10/5,10.68
2010/10/6,10.77
2010/10/7,10.82
2010/10/8,10.82
2010/10/11,10.82
2010/10/12,10.68
2010/10/13,10.97
2010/10/14,11.18
2010/10/15,11.08
2010/10/18,11.19
2010/10/19,10.72
2010/10/20,10.92
2010/10/21,11.07
2010/10/22,11.15
2010/10/25,11.35
2010/10/26,11.02
2010/10/27,10.87
2010/10/28,10.96
2010/10/29,10.78
2010/11/1,10.78
2010/11/2,11.11
2010/11/3,10.98
2010/11/4,11.28
2010/11/5,11.11
2010/11/8,11.07
2010/11/9,10.94
2010/11/10,11.34
2010/11/11,10.84
2010/11/12,10.75
2010/11/15,10.69
2010/11/16,10.47
2010/11/17,10.53
2010/11/18,10.91
2010/11/19,10.89
2010/11/22,10.54
2010/11/23,9.81
2010/11/24,9.94
2010/11/26,9.53
2010/11/29,9.31
2010/11/30,8.84
2010/12/1,9.54
2010/12/2,9.93
2010/12/3,10.03
2010/12/6,9.81
2010/12/7,9.77
2010/12/8,10.02
2010/12/9,10.24
2010/12/10,10.33
2010/12/13,10.32
2010/12/14,10.33
2010/12/15,9.92
2010/12/16,9.92
2010/12/17,9.74
2010/12/20,9.66
2010/12/21,9.73
2010/12/22,9.67
2010/12/23,9.58
2010/12/27,9.54
2010/12/28,9.46
2010/12/29,9.62
2010/12/30,9.66
2010/12/31,9.79
2011/1/3,9.9
2011/1/4,9.98
2011/1/5,9.95
2011/1/6,9.83
2011/1/7,9.63
2011/1/10,9.39
2011/1/11,9.56
2011/1/12,10.01
2011/1/13,10.35
2011/1/14,10.56
2011/1/18,10.59
2011/1/19,10.36
2011/1/20,10.61
2011/1/21,10.98
2011/1/24,11.22
2011/1/25,11.07
2011/1/26,11.05
2011/1/27,11.57
2011/1/28,11.15
2011/1/31,11.39
2011/2/1,11.94
2011/2/2,11.84
2011/2/3,11.83
2011/2/4,12.01
2011/2/7,12.16
2011/2/8,12.55
2011/2/9,12.42
2011/2/10,12.24
2011/2/11,12.18
2011/2/14,12.22
2011/2/15,12.09
2011/2/16,12.21
2011/2/17,12.56
2011/2/18,12.69
2011/2/22,12.33
2011/2/23,12.53
2011/2/24,12.25
2011/2/25,12.31
2011/2/28,12.55
2011/3/1,12.22
2011/3/2,12.14
2011/3/3,12.4
2011/3/4,12.4
2011/3/7,12.36
2011/3/8,12.27
2011/3/9,12.65
2011/3/10,12.31
2011/3/11,12.47
2011/3/14,12.46
2011/3/15,12.04
2011/3/16,11.57
2011/3/17,12.06
2011/3/18,12.23
2011/3/21,12.81
2011/3/22,12.87
2011/3/23,12.94
2011/3/24,13.3
2011/3/25,13.07
2011/3/28,13.13
2011/3/29,13.24
2011/3/30,12.92
2011/3/31,12.71
2011/4/1,13.02
2011/4/4,12.9
2011/4/5,12.85
2011/4/6,13.19
2011/4/7,13.12
2011/4/8,13.26
2011/4/11,13.19
2011/4/12,13.15
2011/4/13,13.17
2011/4/14,12.8
2011/4/15,12.54
2011/4/18,12.01
2011/4/19,12.06
2011/4/20,12.64
2011/4/21,12.75
2011/4/25,12.79
2011/4/26,12.9
2011/4/27,13.1
2011/4/28,13.18
2011/4/29,13.19
2011/5/2,13.24
2011/5/3,13.22
2011/5/4,12.99
2011/5/5,12.94
2011/5/6,12.68
2011/5/9,12.38
2011/5/10,12.95
2011/5/11,12.63
2011/5/12,12.58
2011/5/13,12.15
2011/5/16,11.97
2011/5/17,12
2011/5/18,12.04
2011/5/19,12.12
2011/5/20,11.7
2011/5/23,11.41
2011/5/24,11.42
2011/5/25,11.64
2011/5/26,11.79
2011/5/27,11.95
2011/5/31,12.15
2011/6/1,11.59
2011/6/2,11.84
2011/6/3,11.97
2011/6/6,11.64
2011/6/7,11.84
2011/6/8,11.66
2011/6/9,11.81
2011/6/10,11.35
2011/6/13,11.37
2011/6/14,11.8
2011/6/15,11.28
2011/6/16,11.29
2011/6/17,11.72
2011/6/20,11.59
2011/6/21,11.93
2011/6/22,11.87
2011/6/23,11.59
2011/6/24,11.12
2011/6/27,11.24
2011/6/28,11.53
2011/6/29,11.96
2011/6/30,12.37
2011/7/1,12.65
2011/7/5,12.4
2011/7/6,12.14
2011/7/7,12.23
2011/7/8,12.01
2011/7/11,10.83
2011/7/12,10.53
2011/7/13,11.01
2011/7/14,10.92
2011/7/15,10.73
2011/7/18,10.07
2011/7/19,10.65
2011/7/20,11.04
2011/7/21,11.63
2011/7/22,11.58
2011/7/25,11.34
2011/7/26,11.42
2011/7/27,10.72
2011/7/28,10.85
2011/7/29,10.74
2011/8/1,10.61
2011/8/2,9.97
2011/8/3,9.9
2011/8/4,8.95
2011/8/5,9.58
2011/8/8,8.21
2011/8/9,9.02
2011/8/10,8.13
2011/8/11,8.47
2011/8/12,8.77
2011/8/15,9.11
2011/8/16,8.81
2011/8/17,8.83
2011/8/18,8
2011/8/19,7.81
2011/8/22,7.69
2011/8/23,7.99
2011/8/24,8.15
2011/8/25,8.05
2011/8/26,7.98
2011/8/29,8.31
2011/8/30,8.39
2011/8/31,8.71
2011/9/1,8.51
2011/9/2,7.93
2011/9/6,7.14
2011/9/7,7.5
2011/9/8,7.27
2011/9/9,6.64
2011/9/12,6.27
2011/9/13,6.49
2011/9/14,6.68
2011/9/15,7.19
2011/9/16,7.42
2011/9/19,6.78
2011/9/20,6.92
2011/9/21,6.52
2011/9/22,6.09
2011/9/23,6.21
2011/9/26,6.88
2011/9/27,7.26
2011/9/28,7.05
2011/9/29,7.78
2011/9/30,7.05
2011/10/3,6.45
2011/10/4,6.8
2011/10/5,7.23
2011/10/6,7.68
2011/10/7,7.38
2011/10/10,8.03
2011/10/11,7.94
2011/10/12,8.46
2011/10/13,8.25
2011/10/14,8.41
2011/10/17,7.99
2011/10/18,8.44
2011/10/19,8.38
2011/10/20,8.63
2011/10/21,8.76
2011/10/24,9.16
2011/10/25,8.88
2011/10/26,8.81
2011/10/27,10.28
2011/10/28,9.59
2011/10/31,8.64
2011/11/1,7.43
2011/11/2,7.75
2011/11/3,8.61
2011/11/4,8.34
2011/11/7,8.09
2011/11/8,8.61
2011/11/9,7.49
2011/11/10,7.77
2011/11/11,8.08
2011/11/14,7.68
2011/11/15,7.38
2011/11/16,7.23
2011/11/17,7.07
2011/11/18,7.18
2011/11/21,6.82
2011/11/22,6.62
2011/11/23,6.31
2011/11/25,6.26
2011/11/28,7.02
2011/11/29,7.15
2011/11/30,7.82
2011/12/1,7.62
2011/12/2,7.96
2011/12/5,8.3
2011/12/6,8.45
2011/12/7,8.18
2011/12/8,7.57
2011/12/9,7.83
2011/12/12,7.15
2011/12/13,6.81
2011/12/14,6.6
2011/12/15,6.78
2011/12/16,6.73
2011/12/19,6.58
2011/12/20,7.14
2011/12/21,7.07
2011/12/22,7.31
2011/12/23,7.44
2011/12/27,7.34
2011/12/28,7.09
2011/12/29,7.13
2011/12/30,7.17
2012/1/3,7.51
2012/1/4,7.4
2012/1/5,7.13
2012/1/6,6.91
2012/1/9,7.08
2012/1/10,7.44
2012/1/11,7.7
2012/1/12,7.99
2012/1/13,7.66
2012/1/17,8.11
2012/1/18,8.65
2012/1/19,9.19
2012/1/20,9.08
2012/1/23,9.21
2012/1/24,9.16
2012/1/25,9.14
2012/1/26,9.21
2012/1/27,9.23
2012/1/30,8.85
2012/1/31,9.11
2012/2/1,9.57
2012/2/2,9.74
2012/2/3,9.84
2012/2/6,9.63
2012/2/7,9.74
2012/2/8,9.73
2012/2/9,9.18
2012/2/10,8.54
2012/2/13,8.74
2012/2/14,8.62
2012/2/15,8.66
2012/2/16,8.91
2012/2/17,9.1
2012/2/21,8.96
2012/2/22,8.75
2012/2/23,8.9
2012/2/24,8.89
2012/2/27,8.92
2012/2/28,9.08
2012/2/29,8.79
2012/3/1,9.04
2012/3/2,9.18
2012/3/5,9.09
2012/3/6,8.46
2012/3/7,8.65
2012/3/8,9.09
2012/3/9,8.77
2012/3/12,8.69
2012/3/13,9.05
2012/3/14,9.15
2012/3/15,9.34
2012/3/16,9.47
2012/3/19,9.42
2012/3/20,9.22
2012/3/21,8.97
2012/3/22,8.7
2012/3/23,8.78
2012/3/26,9.02
2012/3/27,8.9
2012/3/28,8.72
2012/3/29,8.44
2012/3/30,8.32
2012/4/2,8.41
2012/4/3,8
2012/4/4,7.58
2012/4/5,7.52
2012/4/9,7.37
2012/4/10,7
2012/4/11,7.26
2012/4/12,7.47
2012/4/13,7.05
2012/4/16,6.95
2012/4/17,7.33
2012/4/18,7.2
2012/4/19,7.03
2012/4/20,7.26
2012/4/23,6.93
2012/4/24,6.98
2012/4/25,7.16
2012/4/26,7.1
2012/4/27,7.14
2012/4/30,7.06
2012/5/1,7.1
2012/5/2,6.93
2012/5/3,6.77
2012/5/4,6.64
2012/5/7,6.93
2012/5/8,6.58
2012/5/9,6.58
2012/5/10,6.74
2012/5/11,6.63
2012/5/14,6.25
2012/5/15,6.03
2012/5/16,6.03
2012/5/17,5.76
2012/5/18,5.76
2012/5/21,5.94
2012/5/22,6.17
2012/5/23,6.02
2012/5/24,6
2012/5/25,5.96
2012/5/29,6.05
2012/5/30,5.78
2012/5/31,5.8
2012/6/1,5.56
2012/6/4,5.82
2012/6/5,5.87
2012/6/6,6.26
2012/6/7,6.17
2012/6/8,6.09
2012/6/11,5.98
2012/6/12,5.92
2012/6/13,5.79
2012/6/14,5.93
2012/6/15,6.29
2012/6/18,6.02
2012/6/19,6.38
2012/6/20,6.44
2012/6/21,6.24
2012/6/22,6.37
2012/6/25,5.92
2012/6/26,6
2012/6/27,6.14
2012/6/28,6.06
2012/6/29,6.68
2012/7/2,6.67
2012/7/3,6.78
2012/7/5,6.45
2012/7/6,6.25
2012/7/9,6.26
2012/7/10,6.16
2012/7/11,6.39
2012/7/12,6.42
2012/7/13,6.47
2012/7/16,6.54
2012/7/17,6.54
2012/7/18,6.55
2012/7/19,6.56
2012/7/20,6.26
2012/7/23,5.86
2012/7/24,5.66
2012/7/25,5.79
2012/7/26,6.19
2012/7/27,6.48
2012/7/30,6.6
2012/7/31,6.58
2012/8/1,6.45
2012/8/2,6.1
2012/8/3,6.63
2012/8/6,6.84
2012/8/7,7.02
2012/8/8,6.96
2012/8/9,7.12
2012/8/10,7.16
2012/8/13,7.15
2012/8/14,7.1
2012/8/15,7.09
2012/8/16,7.2
2012/8/17,7.26
2012/8/20,7.16
2012/8/21,7.32
2012/8/22,7.36
2012/8/23,7.25
2012/8/24,7.15
2012/8/27,7.22
2012/8/28,7.19
2012/8/29,7.18
2012/8/30,7.34
2012/8/31,7.58
2012/9/4,7.53
2012/9/5,7.64
2012/9/6,8.05
2012/9/7,8.49
2012/9/10,8.37
2012/9/11,8.49
2012/9/12,8.67
2012/9/13,8.81
2012/9/14,8.98
2012/9/17,8.88
2012/9/18,8.67
2012/9/19,8.64
2012/9/20,8.54
2012/9/21,8.58
2012/9/24,8.47
2012/9/25,8.32
2012/9/26,8.05
2012/9/27,8.23
2012/9/28,7.89
2012/10/1,8.11
2012/10/2,8.16
2012/10/3,8.17
2012/10/4,8.35
2012/10/5,8.46
2012/10/8,8.35
2012/10/9,8.12
2012/10/10,8.16
2012/10/11,8.41
2012/10/12,8.47
2012/10/15,8.67
2012/10/16,8.97
2012/10/17,9.19
2012/10/18,9.21
2012/10/19,8.95
2012/10/22,9.19
2012/10/23,8.71
2012/10/24,8.74
2012/10/25,8.76
2012/10/26,8.72
2012/10/31,8.86
2012/11/1,9.06
2012/11/2,8.89
2012/11/5,8.81
2012/11/6,8.87
2012/11/7,8.65
2012/11/8,8.59
2012/11/9,8.45
2012/11/12,8.56
2012/11/13,8.48
2012/11/14,8.41
2012/11/15,8.52
2012/11/16,8.31
2012/11/19,8.64
2012/11/20,8.75
2012/11/21,8.74
2012/11/23,9
2012/11/26,8.96
2012/11/27,8.78
2012/11/28,8.85
2012/11/29,8.92
2012/11/30,8.99
2012/12/3,9.01
2012/12/4,9.19
2012/12/5,9.34
2012/12/6,9.37
2012/12/7,9.34
2012/12/10,9.2
2012/12/11,9.28
2012/12/12,9.36
2012/12/13,9.38
2012/12/14,9.45
2012/12/17,9.53
2012/12/18,9.48
2012/12/19,9.48
2012/12/20,9.54
2012/12/21,9.29
2012/12/24,9.22
2012/12/26,9.22
2012/12/27,9.43
2012/12/28,9.17
2012/12/31,9.49
2013/1/2,9.59
2013/1/3,9.48
2013/1/4,9.7
2013/1/7,9.91
2013/1/8,9.78
2013/1/9,9.92
2013/1/10,10.28
2013/1/11,10.31
2013/1/14,10.45
2013/1/15,10.3
2013/1/16,10.12
2013/1/17,10.11
2013/1/18,9.96
2013/1/22,10.06
2013/1/23,9.66
2013/1/24,9.77
2013/1/25,9.89
2013/1/28,10.04
2013/1/29,10.02
2013/1/30,10.07
2013/1/31,10.08
2013/2/1,9.97
2013/2/4,9.42
2013/2/5,9.48
2013/2/6,9.29
2013/2/7,9.1
2013/2/8,9.14
2013/2/11,9.18
2013/2/12,9.28
2013/2/13,8.96
2013/2/14,8.93
2013/2/15,8.74
2013/2/19,8.95
2013/2/20,8.53
2013/2/21,8.16
2013/2/22,8.43
2013/2/25,7.86
2013/2/26,7.91
2013/2/27,8.03
2013/2/28,8
2013/3/1,7.84
2013/3/4,7.82
2013/3/5,8.02
2013/3/6,8.19
2013/3/7,8.28
2013/3/8,8.46
2013/3/11,8.44
2013/3/12,8.44
2013/3/13,8.3
2013/3/14,8.46
2013/3/15,8.36
2013/3/18,7.97
2013/3/19,7.83
2013/3/20,7.93
2013/3/21,7.82
2013/3/22,7.7
2013/3/25,7.4
2013/3/26,7.37
2013/3/27,7.23
2013/3/28,7.21
2013/4/1,7.07
2013/4/2,7.36
2013/4/3,7.14
2013/4/4,7.43
2013/4/5,7.36
2013/4/8,7.35
2013/4/9,7.5
2013/4/10,7.81
2013/4/11,7.88
2013/4/12,7.79
2013/4/15,7.53
2013/4/16,7.93
2013/4/17,7.62
2013/4/18,7.46
2013/4/19,7.63
2013/4/22,7.68
2013/4/23,7.95
2013/4/24,8.12
2013/4/25,8.12
2013/4/26,8.17
2013/4/29,8.29
2013/4/30,8.21
2013/5/1,8.12
2013/5/2,8.2
2013/5/3,8.31
2013/5/6,8.41
2013/5/7,8.59
2013/5/8,8.93
2013/5/9,8.88
2013/5/10,8.82
2013/5/13,8.72
2013/5/14,8.67
2013/5/15,8.86
2013/5/16,8.71
2013/5/17,9.2
2013/5/20,9.37
2013/5/21,9.27
2013/5/22,9.17
2013/5/23,9.04
2013/5/24,9.07
2013/5/28,9.18
2013/5/29,9.27
2013/5/30,9.49
2013/5/31,9.3
2013/6/3,9.3
2013/6/4,9.25
2013/6/5,9.01
2013/6/6,9
2013/6/7,9.17
2013/6/10,9.21
2013/6/11,9.11
2013/6/12,8.98
2013/6/13,9.29
2013/6/14,9.13
2013/6/17,9.3
2013/6/18,9.53
2013/6/19,9.36
2013/6/20,9.04
2013/6/21,8.85
2013/6/24,8.71
2013/6/25,8.9
2013/6/26,8.99
2013/6/27,9.08
2013/6/28,9.09
2013/7/1,9.28
2013/7/2,9.19
2013/7/3,9.04
2013/7/5,9.38
2013/7/8,9.53
2013/7/9,9.46
2013/7/10,9.69
2013/7/11,9.64
2013/7/12,9.65
2013/7/15,9.61
2013/7/16,9.49
2013/7/17,9.52
2013/7/18,9.78
2013/7/19,9.79
2013/7/22,9.99
2013/7/23,10.13
2013/7/24,10.13
2013/7/25,10.19
2013/7/26,10.14
2013/7/29,10.14
2013/7/30,10.11
2013/7/31,10.17
2013/8/1,10.59
2013/8/2,10.54
2013/8/5,10.48
2013/8/6,10.37
2013/8/7,11.05
2013/8/8,11.39
2013/8/9,11.43
2013/8/12,11.55
2013/8/13,11.51
2013/8/14,11.7
2013/8/15,11.66
2013/8/16,11.35
2013/8/19,11.18
2013/8/20,11.09
2013/8/21,11.03
2013/8/22,11.63
2013/8/23,11.78
2013/8/26,11.56
2013/8/27,10.96
2013/8/28,11.14
2013/8/29,11.12
2013/8/30,10.87
2013/9/3,10.98
2013/9/4,11.11
2013/9/5,10.98
2013/9/6,11.04
2013/9/9,11.33
2013/9/10,11.64
2013/9/11,11.63
2013/9/12,11.62
2013/9/13,11.56
2013/9/16,11.98
2013/9/17,11.91
2013/9/18,12.37
2013/9/19,11.8
2013/9/20,11.54
2013/9/23,11.4
2013/9/24,11.53
2013/9/25,11.59
2013/9/26,11.47
2013/9/27,11.39
2013/9/30,11.35
2013/10/1,11.77
2013/10/2,11.95
2013/10/3,11.83
2013/10/4,11.94
2013/10/7,11.66
2013/10/8,11.46
2013/10/9,11.57
2013/10/10,12.22
2013/10/11,12.2
2013/10/14,12.22
2013/10/15,12.28
2013/10/16,12.61
2013/10/17,12.88
2013/10/18,12.96
2013/10/21,12.85
2013/10/22,12.96
2013/10/23,12.81
2013/10/24,12.99
2013/10/25,12.89
2013/10/28,12.77
2013/10/29,12.83
2013/10/30,12.7
2013/10/31,12.72
2013/11/1,12.89
2013/11/4,13.09
2013/11/5,12.56
2013/11/6,12.98
2013/11/7,12.78
2013/11/8,12.92
2013/11/11,12.91
2013/11/12,12.72
2013/11/13,12.83
2013/11/14,12.97
2013/11/15,12.96
2013/11/18,12.9
2013/11/19,12.86
2013/11/20,12.72
2013/11/21,12.89
2013/11/22,12.96
2013/11/25,12.78
2013/11/26,12.93
2013/11/27,12.94
2013/11/29,12.98
2013/12/2,12.83
2013/12/3,12.77
2013/12/4,12.69
2013/12/5,12.49
2013/12/6,12.68
2013/12/9,12.79
2013/12/10,12.64
2013/12/11,12.51
2013/12/12,12.27
2013/12/13,12.4
2013/12/16,12.75
2013/12/17,12.57
2013/12/18,12.9
2013/12/19,13.13
2013/12/20,13.31
2013/12/23,13.63
2013/12/24,13.62
2013/12/26,13.8
2013/12/27,13.91
2013/12/30,13.88
2013/12/31,14.01
2014/1/2,13.83
2014/1/3,13.72
2014/1/6,13.67
2014/1/7,14.11
2014/1/8,14.39
2014/1/9,14.38
2014/1/10,14.43
2014/1/13,14.33
2014/1/14,14.74
2014/1/15,14.92
2014/1/16,14.74
2014/1/17,14.6
2014/1/21,14.4
2014/1/22,14.18
2014/1/23,14.1
2014/1/24,13.44
2014/1/27,13.46
2014/1/28,13.97
2014/1/29,13.57
2014/1/30,13.67
2014/1/31,13.21
2014/2/3,12.88
2014/2/4,13.15
2014/2/5,13.51
2014/2/6,13.77
2014/2/7,13.91
2014/2/10,13.78
2014/2/11,13.94
2014/2/12,14.4
2014/2/13,14.44
2014/2/14,14.54
2014/2/18,14.6
2014/2/19,14.27
2014/2/20,14.41
2014/2/21,14.43
2014/2/24,14.52
2014/2/25,14.54
2014/2/26,14.37
2014/2/27,14.45
2014/2/28,14.52
2014/3/3,13.75
2014/3/4,14.31
2014/3/5,14.25
2014/3/6,14.46
2014/3/7,14.27
2014/3/10,14.16
2014/3/11,14.25
2014/3/12,14.32
2014/3/13,13.72
2014/3/14,13.43
2014/3/17,13.97
2014/3/18,14.05
2014/3/19,13.93
2014/3/20,14.29
2014/3/21,13.77
2014/3/24,13.69
2014/3/25,13.79
2014/3/26,13.7
2014/3/27,13.77
2014/3/28,13.72
2014/3/31,14.25
2014/4/1,14.73
2014/4/2,14.76
2014/4/3,14.78
2014/4/4,14.75
2014/4/7,14.36
2014/4/8,14.07
2014/4/9,14.14
2014/4/10,13.72
2014/4/11,13.6
2014/4/14,13.48
2014/4/15,13.4
2014/4/16,13.77
2014/4/17,13.96
2014/4/21,13.96
2014/4/22,14.12
2014/4/23,14.09
2014/4/24,13.99
2014/4/25,13.62
2014/4/28,13.68
2014/4/29,13.98
2014/4/30,14.3
2014/5/1,14.27
2014/5/2,14.25
2014/5/5,14.22
2014/5/6,14.14
2014/5/7,14.2
2014/5/8,14.34
2014/5/9,14.15
2014/5/12,14.16
2014/5/13,13.92
2014/5/14,13.73
2014/5/15,13.4
2014/5/16,13.12
2014/5/19,13.09
2014/5/20,13.11
2014/5/21,13.49
2014/5/22,13.64
2014/5/23,13.72
2014/5/27,13.87
2014/5/28,13.86
2014/5/29,13.97
2014/5/30,14.04
2014/6/2,14.14
2014/6/3,14.09
2014/6/4,14.21
2014/6/5,14.58
2014/6/6,14.76
2014/6/9,14.78
2014/6/10,14.6
2014/6/11,14.4
2014/6/12,14.3
2014/6/13,14.25
2014/6/16,14.16
2014/6/17,14.25
2014/6/18,14.41
2014/6/19,14.63
2014/6/20,14.34
2014/6/23,14.16
2014/6/24,13.92
2014/6/25,14.19
2014/6/26,14.03
2014/6/27,14.13
2014/6/30,14.02
2014/7/1,14.29
2014/7/2,14.4
2014/7/3,14.61
2014/7/7,14.3
2014/7/8,13.83
2014/7/9,13.96
2014/7/10,13.71
2014/7/11,13.73
2014/7/14,13.81
2014/7/15,13.58
2014/7/16,13.79
2014/7/17,13.27
2014/7/18,13.58
2014/7/21,13.38
2014/7/22,13.49
2014/7/23,13.55
2014/7/24,13.74
2014/7/25,13.44
2014/7/28,13.48
2014/7/29,13.65
2014/7/30,13.5
2014/7/31,12.97
2014/8/1,12.9
2014/8/4,13.02
2014/8/5,12.82
2014/8/6,13.09
2014/8/7,12.92
2014/8/8,13.08
2014/8/11,13.23
2014/8/12,13.16
2014/8/13,13.31
2014/8/14,13.35
2014/8/15,13.48
2014/8/18,13.48
2014/8/19,13.52
2014/8/20,13.4
2014/8/21,13.74
2014/8/22,13.58
2014/8/25,13.74
2014/8/26,13.8
2014/8/27,13.89
2014/8/28,13.74
2014/8/29,13.77
2014/9/2,13.85
2014/9/3,14.07
2014/9/4,14.07
2014/9/5,14.42
2014/9/8,14.18
2014/9/9,14.07
2014/9/10,14.33
2014/9/11,14.18
2014/9/12,14.2
2014/9/15,14.17
2014/9/16,14.17
2014/9/17,14.28
2014/9/18,14.55
2014/9/19,14.87
2014/9/22,14.57
2014/9/23,14.47
2014/9/24,14.65
2014/9/25,14.34
2014/9/26,14.36
2014/9/29,14.16
2014/9/30,14.19
2014/10/1,14.39
2014/10/2,14
2014/10/3,14.1
2014/10/6,14.25
2014/10/7,13.89
2014/10/8,14.28
2014/10/9,13.84
2014/10/10,13.77
2014/10/13,13.76
2014/10/14,13.63
2014/10/15,13.28
2014/10/16,12.86
2014/10/17,13.45
2014/10/20,13.72
2014/10/21,14.1
2014/10/22,13.81
2014/10/23,14.19
2014/10/24,14.32
2014/10/27,14.15
2014/10/28,14.55
2014/10/29,13.95
2014/10/30,14.02
2014/10/31,14.32
2014/11/3,14.2
2014/11/4,14.13
2014/11/5,14.35
2014/11/6,14.23
2014/11/7,14.11
2014/11/10,14.1
2014/11/11,14.04
2014/11/12,13.74
2014/11/13,13.93
2014/11/14,13.92
2014/11/17,14.06
2014/11/18,14.28
2014/11/19,14.45
2014/11/20,14.14
2014/11/21,14.2
2014/11/24,14.34
2014/11/25,14.54
2014/11/26,14.54
2014/11/28,14.6
2014/12/1,14.39
2014/12/2,14.39
2014/12/3,14.22
2014/12/4,14.16
2014/12/5,14.43
2014/12/8,14.29
2014/12/9,14.11
2014/12/10,13.9
2014/12/11,13.75
2014/12/12,13.31
2014/12/15,12.97
2014/12/16,12.83
2014/12/17,13.03
2014/12/18,13.55
2014/12/19,13.21
2014/12/22,13.25
2014/12/23,13.42
2014/12/24,13.39
2014/12/26,13.42
2014/12/29,13.22
2014/12/30,13.12
2014/12/31,12.97
2015/1/2,13.08
2015/1/5,12.34
2015/1/6,12.27
2015/1/7,12.5
2015/1/8,12.65
2015/1/9,12.27
2015/1/12,12.24
2015/1/13,12.42
2015/1/14,12.43
2015/1/15,12.39
2015/1/16,12.73
2015/1/20,13.01
2015/1/21,13.16
2015/1/22,13.3
2015/1/23,12.69
2015/1/26,12.88
2015/1/27,12.84
2015/1/28,12.27
2015/1/29,12.72
2015/1/30,12.44
2015/2/2,12.75
2015/2/3,13.22
2015/2/4,12.69
2015/2/5,12.81
2015/2/6,12.52
2015/2/9,12.46
2015/2/10,12.71
2015/2/11,13.16
2015/2/12,13.75
2015/2/13,14.03
2015/2/17,14.16
2015/2/18,14.28
2015/2/19,14.22
2015/2/20,14.48
2015/2/23,14.58
2015/2/24,14.8
2015/2/25,14.78
2015/2/26,14.81
2015/2/27,14.83
2015/3/2,14.98
2015/3/3,14.56
2015/3/4,14.53
2015/3/5,14.71
2015/3/6,14.44
2015/3/9,14.48
2015/3/10,14.11
2015/3/11,14.2
2015/3/12,14.37
2015/3/13,14.29
2015/3/16,14.54
2015/3/17,14.45
2015/3/18,14.59
2015/3/19,14.38
2015/3/20,14.81
2015/3/23,14.94
2015/3/24,15.12
2015/3/25,14.83
2015/3/26,14.64
2015/3/27,14.57
2015/3/30,14.76
2015/3/31,14.61
2015/4/1,14.73
2015/4/2,15.05
2015/4/6,15.16
2015/4/7,15.18
2015/4/8,15.03
2015/4/9,14.98
2015/4/10,14.99
2015/4/13,14.99
2015/4/14,14.94
2015/4/15,15.06
2015/4/16,14.89
2015/4/17,14.54
2015/4/20,14.74
2015/4/21,14.77
2015/4/22,14.87
2015/4/23,14.96
2015/4/24,15.14
2015/4/27,15.44
2015/4/28,15.58
2015/4/29,15.51
2015/4/30,15.32
2015/5/1,15.52
2015/5/4,15.58
2015/5/5,15.28
2015/5/6,15.44
2015/5/7,15.68
2015/5/8,15.99
2015/5/11,15.9
2015/5/12,15.91
2015/5/13,16.18
2015/5/14,16.51
2015/5/15,16.59
2015/5/18,16.370001
2015/5/19,16.440001
2015/5/20,16.6
2015/5/21,16.620001
2015/5/22,16.42
2015/5/26,16.1
2015/5/27,16.49
2015/5/28,16.540001
2015/5/29,16.48
2015/6/1,16.209999
2015/6/2,16.549999
2015/6/3,16.780001
2015/6/4,16.57
2015/6/5,16.209999
2015/6/8,16.129999
2015/6/9,16.139999
2015/6/10,16.620001
2015/6/11,16.65
2015/6/12,16.469999
2015/6/15,16.18
2015/6/16,16.139999
2015/6/17,16.08
2015/6/18,16.370001
2015/6/19,16.48
2015/6/22,17.290001
2015/6/23,17.15
2015/6/24,17
2015/6/25,17.059999
2015/6/26,17.23
2015/6/29,16.209999
2015/6/30,16.58
2015/7/1,16.84
2015/7/2,16.620001
2015/7/6,15.9
2015/7/7,15.76
2015/7/8,15.44
2015/7/9,15.98
2015/7/10,16.98
2015/7/13,17
2015/7/14,17.120001
2015/7/15,17
2015/7/16,17.26
2015/7/17,17.190001
2015/7/20,17.190001
2015/7/21,17.15
2015/7/22,17.139999
2015/7/23,17.190001
2015/7/24,16.92
2015/7/27,16.9
2015/7/28,17.15
2015/7/29,16.98
2015/7/30,16.950001
2015/7/31,16.98
2015/8/3,17.18
2015/8/4,17.049999
2015/8/5,16.370001
2015/8/6,16.41
2015/8/7,16.27
2015/8/10,16.639999
2015/8/11,16.530001
2015/8/12,16.26
2015/8/13,15.77
2015/8/14,15.75
2015/8/17,15.63
2015/8/18,16
2015/8/19,15.78
2015/8/20,15.12
2015/8/21,14.72
2015/8/24,14.35
2015/8/25,14.75
2015/8/26,15.28
2015/8/27,15.54
2015/8/28,15.31
2015/8/31,15.3
2015/9/1,14.74
2015/9/2,14.91
2015/9/3,15.02
2015/9/4,14.54
2015/9/8,15.08
2015/9/9,14.99
2015/9/10,15.2
2015/9/11,15.08
2015/9/14,14.8
2015/9/15,15.06
2015/9/16,15.01
2015/9/17,15.08
2015/9/18,14.41
2015/9/21,14.49
2015/9/22,14.03
2015/9/23,13.96
2015/9/24,14.04
2015/9/25,14.27
2015/9/28,13.83
2015/9/29,13.98
2015/9/30,14.13
2015/10/1,14.27
2015/10/2,14.46
2015/10/5,14.78
2015/10/6,14.81
2015/10/7,14.82
2015/10/8,14.62
2015/10/9,14.44
2015/10/12,14.22
2015/10/13,14.16
2015/10/14,14.33
2015/10/15,14.63
2015/10/16,14.74
2015/10/19,14.69
2015/10/20,14.53
2015/10/21,14.48
2015/10/22,14.55
2015/10/23,14.82
2015/10/26,14.87
2015/10/27,14.69
2015/10/28,14.84
2015/10/29,14.55
2015/10/30,14.47
2015/11/2,14.77
2015/11/3,14.44
2015/11/4,14.59
2015/11/5,14.41
2015/11/6,14.8
2015/11/9,14.58
2015/11/10,14.59
2015/11/11,14.64
2015/11/12,14.38
2015/11/13,14.18
2015/11/16,14.22
2015/11/17,14.19
2015/11/18,14.27
2015/11/19,14.24
2015/11/20,13.95
2015/11/23,13.78
2015/11/24,13.8
2015/11/25,13.76
2015/11/27,13.95
2015/11/30,13.74
2015/12/1,13.82
2015/12/2,13.52
2015/12/3,13.58
2015/12/4,13.88
2015/12/7,13.67
2015/12/8,13.36
2015/12/9,13.44
2015/12/10,13.32
2015/12/11,13.22
2015/12/14,13.27
2015/12/15,13.49
2015/12/16,13.61
2015/12/17,13.44
2015/12/18,13.31
2015/12/21,13.31
2015/12/22,13.52
2015/12/23,13.77
2015/12/24,13.79
2015/12/28,13.79
2015/12/29,13.87
2015/12/30,13.71
2015/12/31,13.46
2016/1/4,13.31
2016/1/5,13.14
2016/1/6,12.87
2016/1/7,12.67
2016/1/8,12.46
2016/1/11,12.54
2016/1/12,12.66
2016/1/13,12.35
2016/1/14,12.48
2016/1/15,11.97
2016/1/19,11.76
2016/1/20,11.47
2016/1/21,11.43
2016/1/22,11.86
2016/1/25,11.47
2016/1/26,11.66
2016/1/27,11.49
2016/1/28,11.31
2016/1/29,11.59
2016/2/1,11.5
2016/2/2,10.87
2016/2/3,10.88
2016/2/4,11.88
2016/2/5,11.7
2016/2/8,11.11
2016/2/9,10.68
2016/2/10,10.96
2016/2/11,10.58
2016/2/12,11.05
2016/2/16,11.42
2016/2/17,11.7
2016/2/18,11.52
2016/2/19,11.46
2016/2/22,11.68
2016/2/23,11.39
2016/2/24,11.33
2016/2/25,11.54
2016/2/26,11.74
2016/2/29,11.72
2016/3/1,12.21
2016/3/2,12.48
2016/3/3,12.54
2016/3/4,12.53
2016/3/7,12.31
2016/3/8,12.22
2016/3/9,12.23
2016/3/10,12.51
2016/3/11,13.2
2016/3/14,13.04
2016/3/15,12.88
2016/3/16,12.78
2016/3/17,12.7
2016/3/18,12.74
2016/3/21,12.7
2016/3/22,12.61
2016/3/23,12.27
2016/3/24,12.18
2016/3/28,12.22
2016/3/29,12.3
2016/3/30,12.26
2016/3/31,11.93
2016/4/1,11.9
2016/4/4,11.89
2016/4/5,11.52
2016/4/6,11.67
2016/4/7,11.32
2016/4/8,11.53
2016/4/11,11.79
2016/4/12,11.88
2016/4/13,12.36
2016/4/14,12.38
2016/4/15,12.45
2016/4/18,12.55
2016/4/19,12.68
2016/4/20,12.68
2016/4/21,12.86
2016/4/22,12.9
2016/4/25,12.68
2016/4/26,12.38
2016/4/27,12.47
2016/4/28,12.44
2016/4/29,12.27
2016/5/2,12.37
2016/5/3,11.95
2016/5/4,11.73
2016/5/5,11.52
2016/5/6,11.73
2016/5/9,11.64
2016/5/10,11.94
2016/5/11,11.88
2016/5/12,11.84
2016/5/13,11.67
2016/5/16,11.61
2016/5/17,11.43
2016/5/18,11.67
2016/5/19,11.6
2016/5/20,11.76
2016/5/23,11.79
2016/5/24,12.17
2016/5/25,12.56
2016/5/26,12.64
2016/5/27,12.65
2016/5/31,12.44
2016/6/1,12.38
2016/6/2,12.39
2016/6/3,12.35
2016/6/6,12.32
2016/6/7,12.45
2016/6/8,12.37
2016/6/9,12.18
2016/6/10,11.53
2016/6/13,11.2
2016/6/14,11.04
2016/6/15,10.92
2016/6/16,11.01
2016/6/17,11.35
2016/6/20,11.66
2016/6/21,11.86
2016/6/22,11.9
2016/6/23,12.55
2016/6/24,10.18
2016/6/27,9.54
2016/6/28,9.83
2016/6/29,10
2016/6/30,10.33
2016/7/1,10.17
2016/7/5,9.68
2016/7/6,9.59
2016/7/7,9.53
2016/7/8,10.08
2016/7/11,10.3
2016/7/12,10.65
2016/7/13,10.62
2016/7/14,10.89
2016/7/15,10.84
2016/7/18,10.81
2016/7/19,10.76
2016/7/20,10.93
2016/7/21,11.02
2016/7/22,11.1
2016/7/25,10.92
2016/7/26,10.89
2016/7/27,10.95
2016/7/28,10.86
2016/7/29,11.21
2016/8/1,10.92
2016/8/2,10.56
2016/8/3,11.43
2016/8/4,11.45
2016/8/5,11.62
2016/8/8,11.78
2016/8/9,11.92
2016/8/10,11.9
2016/8/11,11.79
2016/8/12,11.76
2016/8/15,11.79
2016/8/16,11.77
2016/8/17,11.87
2016/8/18,11.96
2016/8/19,11.87
2016/8/22,11.91
2016/8/23,12.12
2016/8/24,12.15
2016/8/25,12.21
2016/8/26,12.14
2016/8/29,12.13
2016/8/30,12.32
2016/8/31,12.55
2016/9/1,12.68
2016/9/2,12.79
2016/9/6,12.72
2016/9/7,12.68
2016/9/8,12.79
2016/9/9,12.55
2016/9/12,12.61
2016/9/13,12.29
2016/9/14,12.17
2016/9/15,12.29
2016/9/16,11.95
2016/9/19,11.99
2016/9/20,11.92
2016/9/21,12.41
2016/9/22,12.46
2016/9/23,12.33
2016/9/26,12.14
2016/9/27,12.18
2016/9/28,12.3
2016/9/29,11.87
2016/9/30,12.34
2016/10/3,12.17
2016/10/4,12.22
2016/10/5,12.49
2016/10/6,12.62
2016/10/7,12.56
2016/10/10,12.48
2016/10/11,12.4
2016/10/12,12.42
2016/10/13,12.25
2016/10/14,12.36
2016/10/17,12.38
2016/10/18,12.65
2016/10/19,12.75
2016/10/20,12.95
2016/10/21,12.84
2016/10/24,13.01
2016/10/25,12.95
2016/10/26,12.99
2016/10/27,13.11
2016/10/28,13.13
2016/10/31,13.11
2016/11/1,12.98
2016/11/2,12.83
2016/11/3,13.07
2016/11/4,13.12
2016/11/7,13.49
2016/11/8,13.58
2016/11/9,14.14
2016/11/10,14.31
2016/11/11,13.95
2016/11/14,14.05
2016/11/15,14.14
2016/11/16,13.67
2016/11/17,13.7
2016/11/18,13.52
2016/11/21,13.62
2016/11/22,13.8
2016/11/23,13.5
2016/11/25,13.51
2016/11/28,13.17
2016/11/29,13.38
2016/11/30,13.57
2016/12/1,13.72
2016/12/2,13.37
2016/12/5,13.92
2016/12/6,14.56
2016/12/7,14.64
2016/12/8,14.59
2016/12/9,14.45
2016/12/12,14.51
2016/12/13,14.48
2016/12/14,14.2
2016/12/15,14.22
2016/12/16,14.14
2016/12/19,14.03
2016/12/20,14.2
2016/12/21,14.29
2016/12/22,14.25
2016/12/23,14.28
2016/12/27,14.2
2016/12/28,14
2016/12/29,13.94
2016/12/30,14.1
2017/1/3,14.42
2017/1/4,14.61
2017/1/5,14.7
2017/1/6,14.63
2017/1/9,14.39
2017/1/10,14.41
2017/1/11,14.49
2017/1/12,14.48
2017/1/13,14.62
2017/1/17,14.36
2017/1/18,14.24
2017/1/19,14.19
2017/1/20,14.3
2017/1/23,14.25
2017/1/24,14.29
2017/1/25,14.77
2017/1/26,14.67
2017/1/27,14.63
2017/1/30,14.34
2017/1/31,14.38
2017/2/1,14.47
2017/2/2,14.73
2017/2/3,14.95
2017/2/6,14.7
2017/2/7,14.67
2017/2/8,14.27
2017/2/9,14.57
2017/2/10,14.3
2017/2/13,14.46
2017/2/14,14.52
2017/2/15,14.6
2017/2/16,14.63
2017/2/17,14.37
2017/2/21,14.22
2017/2/22,14.15
2017/2/23,14.03
2017/2/24,13.84
2017/2/27,13.83
2017/2/28,13.83
2017/3/1,14.27
2017/3/2,14.13
2017/3/3,14.76
2017/3/6,14.6
2017/3/7,14.59
2017/3/8,14.77
2017/3/9,15.15
2017/3/10,15.56
2017/3/13,15.47
2017/3/14,15.24
2017/3/15,15.31
2017/3/16,15.59
2017/3/17,15.45
2017/3/20,15.32
2017/3/21,15.47
2017/3/22,14.89
2017/3/23,14.98
2017/3/24,14.92
2017/3/27,14.99
2017/3/28,15.14
2017/3/29,15.01
2017/3/30,15.08
2017/3/31,15.09
2017/4/3,15.01
2017/4/4,14.93
2017/4/5,14.89
2017/4/6,15.01
2017/4/7,14.95
2017/4/10,14.91
2017/4/11,14.95
2017/4/12,14.79
2017/4/13,14.6
2017/4/17,14.84
2017/4/18,14.68
2017/4/19,15.16
2017/4/20,15.29
2017/4/21,15.22
2017/4/24,16.379999
2017/4/25,16.450001
2017/4/26,16.309999
2017/4/27,16.26
2017/4/28,16.280001
2017/5/1,16.559999
2017/5/2,16.59
2017/5/3,16.67
2017/5/4,16.98
2017/5/5,17.35
2017/5/8,17.120001
2017/5/9,16.49
2017/5/10,16.77
2017/5/11,16.68
2017/5/12,16.76
2017/5/15,16.91
2017/5/16,17.110001
2017/5/17,16.6
2017/5/18,16.66
2017/5/19,16.9
2017/5/22,17.01
2017/5/23,17.08
2017/5/24,17.02
2017/5/25,17.129999
2017/5/26,17
2017/5/30,16.690001
2017/5/31,16.879999
2017/6/1,16.879999
2017/6/2,16.9
2017/6/5,16.84
2017/6/6,16.65
2017/6/7,17.059999
2017/6/8,17.18
2017/6/9,17.440001
2017/6/12,17.139999
2017/6/13,17.16
2017/6/14,17.09
2017/6/15,16.84
2017/6/16,16.98
2017/6/19,17.17
2017/6/20,16.76
2017/6/21,16.780001
2017/6/22,16.65
2017/6/23,16.690001
2017/6/26,16.860001
2017/6/27,17.139999
2017/6/28,17.42
2017/6/29,17.4
2017/6/30,17.389999
2017/7/3,17.559999
2017/7/5,17.6
2017/7/6,17.790001
2017/7/7,17.83
2017/7/10,17.9
2017/7/11,17.940001
2017/7/12,17.940001
2017/7/13,18.049999
2017/7/14,18.129999
2017/7/17,18.01
2017/7/18,17.93
2017/7/19,17.83
2017/7/20,18.049999
2017/7/21,18.07
2017/7/24,18.190001
2017/7/25,18.299999
2017/7/26,18.43
2017/7/27,18.540001
2017/7/28,18.66
2017/7/31,18.73
2017/8/1,18.870001
2017/8/2,18.75
2017/8/3,18.639999
2017/8/4,18.82
2017/8/7,18.860001
2017/8/8,18.75
2017/8/9,18.610001
2017/8/10,17.940001
2017/8/11,17.92
2017/8/14,18.040001
2017/8/15,18.129999
2017/8/16,18.16
2017/8/17,17.780001
2017/8/18,17.93
2017/8/21,17.809999
2017/8/22,17.889999
2017/8/23,17.76
2017/8/24,17.77
2017/8/25,17.860001
2017/8/28,17.85
2017/8/29,17.75
2017/8/30,17.639999
2017/8/31,17.780001
2017/9/1,17.84
2017/9/5,17.4
2017/9/6,17.549999
2017/9/7,17.610001
2017/9/8,17.709999
2017/9/11,17.860001
2017/9/12,18.15
2017/9/13,18.16
2017/9/14,18.200001
2017/9/15,18.120001
2017/9/18,18.129999
2017/9/19,18.18
2017/9/20,18.190001
2017/9/21,18.389999
2017/9/22,18.4
2017/9/25,18
2017/9/26,18.030001
2017/9/27,18.290001
2017/9/28,18.299999
2017/9/29,18.42
2017/10/2,18.42
2017/10/3,18.469999
2017/10/4,18.309999
2017/10/5,18.379999
2017/10/6,18.469999
2017/10/9,18.469999
2017/10/10,18.709999
2017/10/11,18.67
2017/10/12,18.52
2017/10/13,18.469999
2017/10/16,18.370001
2017/10/17,18.370001
2017/10/18,18.549999
2017/10/19,18.719999
2017/10/20,18.690001
2017/10/23,18.51
2017/10/24,18.809999
2017/10/25,18.82
2017/10/26,18.66
2017/10/27,18.450001
2017/10/30,18.549999
2017/10/31,18.52
2017/11/1,18.52
2017/11/2,18.5
2017/11/3,18.280001
2017/11/6,18.280001
2017/11/7,18.15
2017/11/8,18.290001
2017/11/9,18.17
2017/11/10,18.209999
2017/11/13,18.16
2017/11/14,18.110001
2017/11/15,18.110001
2017/11/16,18.07
2017/11/17,18.059999
2017/11/20,17.860001
2017/11/21,17.790001
2017/11/22,17.91
2017/11/24,18.309999
2017/11/27,18.15
2017/11/28,18.26
2017/11/29,18.219999
2017/11/30,18.1
2017/12/1,17.98
2017/12/4,18.09
2017/12/5,17.870001
2017/12/6,17.719999
2017/12/7,18.129999
2017/12/8,18.549999
2017/12/11,18.51
2017/12/12,18.43
2017/12/13,18.309999
2017/12/14,18.25
2017/12/15,18.18
2017/12/18,18.4
2017/12/19,18.5
2017/12/20,18.459999
2017/12/21,18.549999
2017/12/22,18.469999
2017/12/26,18.49
2017/12/27,18.440001
2017/12/28,18.51
2017/12/29,18.459999